쭌곱창,4.6,29,서울 마포구 와우산로29마길 6 (우)04053,지번서교동 332-5,"['#데이트코스', '#회식장소', '#제로페이']",0,0,0,0,0
미쁘동,None,604,서울 마포구 동교로38길 33-21 2층 (우)03982,지번연남동 384-7,"['#연남동데이트', '#연남동맛집', '#연남동밥집', '#연남동일식', '#홍대밥집', '#일본가정식', '#혼밥', '#제로페이']",0,0,0,0,0
소이연남,3.8,245,서울 마포구 동교로 267 1층 (우)03983,지번연남동 229-67,"['#똠얌쌀국수', '#소고기쌀국수', '#스프링롤', '#연남동맛집', '#태국쌀국수', '#제로페이']",0,0,0,0,0
연남토마 본점,3.5,108,서울 마포구 월드컵북로6길 61 (우)03991,지번연남동 568-26,"['#비스트로', '#일본가정식']",0,0,0,0,0
레이어드 연남점,2.5,144,서울 마포구 성미산로 161-4 (우)03980,지번연남동 223-20,['etc'],0,0,0,0,0
땡스오트 연남점,4.3,99,서울 마포구 성미산로23길 68 (우)03979,지번연남동 375-113,"['#로스팅전문', '#애견동반식당', '#요거트카페', '#제로페이']",0,0,0,0,0
카쿠시타,4.1,108,서울 마포구 동교로38길 33-15 지하1층 (우)03982,지번연남동 390-30,['#데이트코스'],0,0,0,0,0
연교,3.8,122,서울 마포구 연희로1길 65 1층 (우)03982,지번연남동 383-95,"['#점심특선', '#제로페이']",0,0,0,0,0
뉴오더클럽,3.6,80,서울 마포구 동교로34길 3 (우)03982,지번연남동 260-31,"['#데이트코스', '#피맥']",0,0,0,0,0
바다회사랑,3.2,152,서울 마포구 동교로27길 60 (우)03990,지번연남동 566-8,['#제로페이'],0,0,0,0,0
감나무집기사식당,None,169,서울 마포구 연남로 23 1층 (우)03988,지번연남동 515-20,"['#안심식당', '#제로페이']",0,0,0,0,0
하하,3.4,137,서울 마포구 동교로 263 (우)03983,지번연남동 229-12,['etc'],0,0,0,0,0
코코로카라,3.9,113,서울 마포구 연남로1길 41 1층 (우)03991,지번연남동 568-15,['#제로페이'],0,0,0,0,0
커피리브레 연남점,3.5,160,서울 마포구 성미산로 200 (우)03982,지번연남동 227-38,"['#스페셜티커피', '#에스프레소', '#연남동카페', '#원두판매', '#핸드드립', '#로스팅전문', '#핸드드립전문점', '#카카오페이', '#제로페이']",0,0,0,0,0
오랑지,4.6,110,서울 마포구 동교로38길 13 2층 (우)03982,지번연남동 390-71,['#데이트코스'],0,0,0,0,0
소점,4.9,157,서울 마포구 성미산로17길 99 (우)03974,지번연남동 487-278,['#제로페이'],0,0,0,0,0
테일러커피 연남1호점,3.8,79,서울 마포구 성미산로 189 1층 (우)03981,지번연남동 224-41,['#데이트코스'],0,0,0,0,0
멕시칸식당베르데,4.2,93,서울 마포구 동교로 262-6 1층 (우)03982,지번연남동 387-13,"['#데이트코스', '#멕시코요리', '#빈티지분위기', '#제로페이']",0,0,0,0,0
슬로우캘리 연남본점,4.1,112,서울 마포구 동교로38길 35 2층 (우)03982,지번연남동 390-42,"['#건강식', '#데이트코스', '#제로페이']",0,0,0,0,0
얼스어스,3.6,104,서울 마포구 성미산로 150 (우)03983,지번연남동 239-49,"['#제로웨이스트샵', '#제로페이']",0,0,0,0,0
딩가케이크,2.6,115,서울 마포구 동교로29길 68 (우)03984,지번연남동 252-18,"['#빈티지분위기', '#제로페이']",0,0,0,0,0
미미램양꼬치,3.3,38,서울 마포구 성미산로 196 상암빌딩 1층 (우)03982,지번연남동 227-20,"['#양꼬치무한리필', '#회식장소']",0,0,0,0,0
오마,4.3,87,서울 마포구 동교로 262-6 2층 (우)03982,지번연남동 387-13,"['#데이트코스', '#비스트로', '#소개팅', '#홈메이드스타일', '#제로페이']",0,0,0,0,0
발리문,4.4,199,서울 마포구 동교로 248-1 2층 (우)03982,지번연남동 228-48,"['#나시고랭', '#동남아음식', '#발리', '#발리여행', '#연남동맛집', '#데이트코스', '#이국적인', '#제로페이']",0,0,0,0,0
갓잇 연남점,4.2,110,서울 마포구 성미산로 161-13 1층 (우)03980,지번연남동 240-2,"['#멕시코요리', '#제로페이']",0,0,0,0,0
카페스콘,3.5,49,서울 마포구 성미산로 172 (우)03983,지번연남동 239-4,"['#데이트코스', '#루프탑있는', '#제로페이']",0,0,0,0,0
히츠지야4.5,4.8,183,서울 마포구 동교로 257-1 1층 (우)03983,지번연남동 229-55,"['#데이트코스', '#북해도식']",0,0,0,0,0
연남제비,4.1,35,서울 마포구 성미산로 186 1층 (우)03982,지번연남동 228-5,"['#레트로풍', '#회식장소']",0,0,0,0,0
장작집,4,38,서울 마포구 월드컵북로6길 19 (우)03991,지번연남동 570-38,"['#빈티지분위기', '#제로페이']",0,0,0,0,0
연어롭다,3.8,125,서울 마포구 동교로38길 42 지하1층 (우)03982,지번연남동 382-19,['#데이트코스'],0,0,0,0,0
수라간,4.6,34,서울 마포구 동교로38안길 3 1층 (우)03982,지번연남동 228-56,['#제로페이'],0,0,0,0,0
피오니 연남점,3.8,44,서울 마포구 연남로 59-1 (우)03975,지번연남동 366-19,['etc'],0,0,0,0,0
콩카페 연남점,3.4,77,서울 마포구 성미산로 161-14 1층 (우)03980,지번연남동 223-114,"['#루프탑있는', '#카카오페이', '#제로페이']",0,0,0,0,0
요코쵸,3.3,44,서울 마포구 성미산로 161-15 (우)03980,지번연남동 240-1,"['#데이트코스', '#제로페이']",0,0,0,0,0
명인갈비,3.8,24,서울 마포구 연남로 85 (우)03975,지번연남동 361-17,"['#안심식당', '#친목모임', '#제로페이']",0,0,0,0,0
사루카메,3.7,83,서울 마포구 연남로 15 1층 (우)03990,지번연남동 566-67,"['#카카오페이', '#제로페이']",0,0,0,0,0
경양카츠 연남점,3.8,104,서울 마포구 동교로 238-1 1층 (우)03982,지번연남동 260-29,"['#경양식요리', '#데이트코스']",0,0,0,0,0
포가레,4.2,71,서울 마포구 동교로 227-7 2층 (우)03989,지번연남동 373-13,"['#곱창쌀국수', '#반세오', '#쌀국수', '#연남동맛집', '#연남동쌀국수', '#제로페이']",0,0,0,0,0
카페 클로이인패리스,4.6,40,서울 마포구 성미산로 190-3 2층 (우)03982,지번연남동 227-24,"['#감성카페', '#데이트코스', '#디저트카페', '#모던한', '#베이커리카페', '#분위기좋은', '#유럽풍분위기']",0,0,0,0,0
월강부산돼지국밥,3.9,78,서울 마포구 동교로 241-1 (우)03984,지번연남동 258-14,"['#혼밥', '#제로페이']",0,0,0,0,0
야키토리묵,4.3,50,서울 마포구 성미산로 165-1 1층 (우)03980,지번연남동 223-102,['#제로페이'],0,0,0,0,0
향미,3.2,41,서울 마포구 성미산로 193 (우)03981,지번연남동 226-21,['#제로페이'],0,0,0,0,0
오늘그대와,3.8,35,서울 마포구 동교로 262-13 1층 (우)03982,지번연남동 387-8,"['#데이트코스', '#빈티지분위기']",0,0,0,0,0
어나더룸,4.1,45,서울 마포구 성미산로29안길 19-4 2층 (우)03980,지번연남동 241-88,"['#연남동맛집', '#연남동카페', '#연남동커피', '#연남동크로플', '#커피맛집', '#로스팅전문', '#핸드드립전문점']",0,0,0,0,0
규자카야모토,3.2,26,서울 마포구 동교로 276 2층 (우)03981,지번연남동 224-26,"['#데이트코스', '#분위기좋은', '#혼술']",0,0,0,0,0
펠른,4.2,43,서울 마포구 성미산로22길 18 A동 1층 (우)03988,지번연남동 504-50,"['#연남동카페', '#위스키더치', '#커피오마카세', '#커피코스', '#커피페어링', '#코스요리', '#핸드드립전문점', '#제로페이']",0,0,0,0,0
연남방앗간,3.5,31,서울 마포구 동교로29길 34 1층 (우)03984,지번연남동 257-22,"['#데이트코스', '#제로페이']",0,0,0,0,0
씨스루 홍대연남점,4,41,서울 마포구 동교로 266-6 1층 (우)03982,지번연남동 387-3,"['#연남동데이트', '#연남동디저트', '#연남동맛집', '#연남동카페', '#연남카페', '#디저트카페']",0,0,0,0,0
연주방,3.7,20,서울 마포구 동교로46길 7 (우)03982,지번연남동 387-19,"['#소개팅', '#해물포차', '#제로페이']",0,0,0,0,0
카시,4.3,22,서울 마포구 동교로34길 12 지하 1층 (우)03985,지번연남동 260-41,"['#모츠나베', '#스테이크', '#연남동이자카야', '#연남동하이볼', '#데이트코스', '#제로페이']",0,0,0,0,0
밀라노식당,3.9,40,서울 마포구 연남로1길 6-9 (우)03990,지번연남동 566-61,"['#데이트코스', '#제로페이']",0,0,0,0,0
동차밥,4.3,98,서울 마포구 연희로1길 57 2층 (우)03982,지번연남동 383-23,"['#일본가정식', '#제로페이']",0,0,0,0,0
디에이프릴,3.1,39,서울 마포구 성미산로29안길 19 1층 (우)03980,지번연남동 241-16,"['#데이트코스', '#분위기좋은', '#브런치카페']",0,0,0,0,0
파델라,4.5,99,서울 마포구 연남로1길 11 1층 (우)03990,지번연남동 567-34,"['#소개팅', '#피맥', '#제로페이']",0,0,0,0,0
몽중식,4,30,서울 마포구 동교로 257 2층 (우)03983,지번연남동 229-56,"['#고량주페어링', '#연남동맛집', '#연남동중식', '#중식오마카세', '#중식코스요리', '#코스요리', '#제로페이']",0,0,0,0,0
킨지 연남점,2.8,67,서울 마포구 동교로 227-11 2층 (우)03989,지번연남동 373-10,"['#데이트코스', '#일본가정식', '#정갈한느낌', '#혼밥']",0,0,0,0,0
반미프엉,3.7,60,서울 마포구 성미산로29길 20 (우)03980,지번연남동 241-30,['#제로페이'],0,0,0,0,0
질리,4.4,62,서울 마포구 동교로38길 23 지층 (우)03982,지번연남동 390-24,"['#데이트코스', '#분위기좋은', '#비스트로', '#소개팅', '#제로페이']",0,0,0,0,0
오복수산 연남점,3.4,58,서울 마포구 성미산로 190-4 1층 (우)03982,지번연남동 228-2,['etc'],0,0,0,0,0
꿀돼지집,4.7,43,서울 마포구 동교로 236 2층 (우)03985,지번연남동 260-51,"['#안심식당', '#카카오페이', '#제로페이']",0,0,0,0,0
티크닉,3,50,서울 마포구 성미산로 147 103호 (우)03979,지번연남동 250-5,['#제로페이'],0,0,0,0,0
풍천장어 연남점,4.6,24,서울 마포구 동교로27길 39 (우)03991,지번연남동 568-25,['#제로페이'],0,0,0,0,0
네시사분,4.4,36,서울 마포구 성미산로 190-8 1층 (우)03982,지번연남동 387-7,['#제로페이'],0,0,0,0,0
쿠루미,4.3,22,서울 마포구 동교로 242-13 2층 (우)03982,지번연남동 390-51,['#데이트코스'],0,0,0,0,0
어니스트팬케이크,4.3,103,서울 마포구 동교로38안길 13 1층 (우)03982,지번연남동 390-64,"['#데이트코스', '#디저트카페', '#제로페이']",0,0,0,0,0
랫댓,2.8,38,서울 마포구 동교로 243-4 2층 (우)03984,지번연남동 258-5,"['#피맥', '#제로페이']",0,0,0,0,0
랜디스도넛 연남점,3.5,18,서울 마포구 동교로 247 (우)03984,지번연남동 258-3,['etc'],0,0,0,0,0
커피냅로스터스 연남동,4.2,40,서울 마포구 성미산로27길 70 (우)03979,지번연남동 453-32,"['#데이트코스', '#로스팅전문']",0,0,0,0,0
대충유원지,3.9,48,서울 마포구 월드컵북로6길 37 (우)03991,지번연남동 570-28,['etc'],0,0,0,0,0
장끼전,4.8,16,서울 마포구 성미산로 190-33 지하1층 (우)03982,지번연남동 387-38,"['#데이트코스', '#민속주점', '#이색술집']",0,0,0,0,0
해즈밀,3,22,서울 마포구 동교로46길 42-20 1층 (우)03982,지번연남동 383-90,['#데이트코스'],0,0,0,0,0
벌스가든 (VER S GARDEN),None,61,서울 마포구 성미산로23길 44 벌스가든&벌스하우스 (우)03979,지번연남동 246-22,"['#꽃집', '#벌스가든', '#벌스하우스', '#카페', '#연남동카페', '#데이트코스', '#식물카페', '#플라워카페', '#제로페이']",0,0,0,0,0
스시노백쉐프 홍대연남점,4,10,서울 마포구 동교로 242-4 2층 (우)03982,지번연남동 260-26,"['#데이트코스', '#소개팅', '#제로페이']",0,0,0,0,0
쿄라멘,4.1,78,서울 마포구 동교로46길 25 지층 (우)03982,지번연남동 385-4,['#제로페이'],0,0,0,0,0
다옴383,4.3,28,서울 마포구 동교로38길 27-14 반지층 (우)03982,지번연남동 383-44,"['#데이트코스', '#분위기좋은', '#소개팅', '#제로페이']",0,0,0,0,0
청수당 공명,3.4,24,서울 마포구 성미산로 152 (우)03983,지번연남동 239-48,"['#핸드드립전문점', '#제로페이']",0,0,0,0,0
일쩜오플로어 연남본점,3.9,17,서울 마포구 동교로34길 21 (우)03982,지번연남동 381-5,"['#디저트카페', '#카카오페이', '#제로페이']",0,0,0,0,0
쿠시파파,4.6,17,서울 마포구 동교로 256-4 지층 (우)03982,지번연남동 228-39,"['#혼술', '#제로페이']",0,0,0,0,0
목화씨라운지,3.5,54,서울 마포구 성미산로29길 23 (우)03979,지번연남동 245-63,['etc'],0,0,0,0,0
꽈페 연남점,3.2,67,서울 마포구 동교로46길 20 1층 (우)03982,지번연남동 387-26,"['#카카오페이', '#제로페이']",0,0,0,0,0
탐파 연남점,3.7,43,서울 마포구 동교로38길 12 지하1층 (우)03982,지번연남동 260-2,"['#데이트코스', '#수제맥주', '#이국적인', '#제로페이']",0,0,0,0,0
클래식당,3.5,34,서울 마포구 연희로1길 65 (우)03982,지번연남동 383-95,"['#데이트코스', '#분위기좋은', '#비스트로', '#소개팅', '#심야식당', '#제로페이']",0,0,0,0,0
산왕반점 연남동본점,3.6,64,서울 마포구 성미산로29안길 19-5 (우)03980,지번연남동 241-17,['#제로페이'],0,0,0,0,0
17도씨,4.2,49,서울 마포구 동교로29길 38 (우)03984,지번연남동 257-21,"['#수제초콜릿', '#제로페이']",0,0,0,0,0
연남살롱,3.2,66,서울 마포구 성미산로 122-1 1층 (우)03988,지번연남동 504-33,['#제로페이'],0,0,0,0,0
빠레뜨한남 연남점,3.3,19,서울 마포구 동교로 257 1층 (우)03983,지번연남동 229-56,['#카카오페이'],0,0,0,0,0
엘비스텍,3.6,27,서울 마포구 연남로1길 26 (우)03990,지번연남동 566-12,"['#데이트코스', '#소개팅', '#스페인요리', '#지중해요리', '#제로페이']",0,0,0,0,0
제스티살룬 연남점,4.1,78,서울 마포구 연희로 31 지하 (우)03982,지번연남동 383-93,['#제로페이'],0,0,0,0,0
바온하우스,3.7,15,서울 마포구 성미산로17길 62 (우)03974,지번연남동 487-343,"['#감성카페', '#레터링케이크', '#애견동반식당']",0,0,0,0,0
스시올리지,4.5,57,서울 마포구 동교로 266-11 (우)03982,지번연남동 228-3,"['#데이트코스', '#제로페이']",0,0,0,0,0
모츠모츠,3.8,19,서울 마포구 연남로3길 23 1층 (우)03990,지번연남동 566-19,"['#소개팅', '#점심식사', '#혼술', '#회식장소', '#제로페이']",0,0,0,0,0
연남동그라미,3.9,11,서울 마포구 성미산로32길 10 1층 (우)03983,지번연남동 239-5,['#디저트카페'],0,0,0,0,0
유니의우아한식탁,None,279,서울 마포구 동교로38길 27-8 1층 (우)03982,지번연남동 390-32,"['#데이트코스', '#분위기좋은', '#소개팅']",0,0,0,0,0
문,3.6,45,서울 마포구 동교로46길 21 2층 (우)03982,지번연남동 385-12,['#데이트코스'],0,0,0,0,0
연하동,2.9,48,서울 마포구 연남로 6 (우)03989,지번연남동 373-15,"['#점심식사', '#제로페이']",0,0,0,0,0
더다믐,3.7,22,서울 마포구 동교로38길 30 (우)03982,지번연남동 382-27,"['#민속주점', '#분위기좋은', '#비스트로', '#소개팅', '#제로페이']",0,0,0,0,0
테누커피,3.5,35,서울 마포구 성미산로29안길 19-4 1층 (우)03980,지번연남동 241-89,['etc'],0,0,0,0,0
단디 연남점,4.2,95,서울 마포구 동교로 265 1층 (우)03983,지번연남동 229-10,['#혼밥'],0,0,0,0,0
오복수산시장,2.9,18,서울 마포구 성미산로 195 1층 (우)03981,지번연남동 226-29,"['#데이트코스', '#해물포차', '#제로페이']",0,0,0,0,0
평화연남,3.6,30,서울 마포구 동교로 254-1 (우)03982,지번연남동 228-41,"['#데이트코스', '#레트로풍']",0,0,0,0,0
코이크,None,72,서울 마포구 동교로39길 8 2층 (우)03984,지번연남동 255-23,"['#케이크주문제작', '#제로페이']",0,0,0,0,0
커밍케이크,5,10,서울 마포구 성미산로 118 1층 (우)03988,지번연남동 504-7,"['#레터링케이크', '#수제케이크', '#케이크주문제작', '#제로페이']",0,0,0,0,0
무유무유,4,11,서울 마포구 성미산로 190-4 102호 (우)03982,지번연남동 228-2,['etc'],0,0,0,0,0
동남방앗간,3.3,24,서울 마포구 동교로 244-1 (우)03982,지번연남동 228-59,['#와인전문'],0,0,0,0,0
하이웨스트 (휴업중),2.7,26,서울 마포구 성미산로 167-9 (우)03980,지번연남동 223-80,"['#감성카페', '#데이트코스', '#디저트카페', '#빈티지분위기']",0,0,0,0,0
리틀파파포 연남점,3.6,54,서울 마포구 동교로38안길 5 1층 (우)03982,지번연남동 390-83,"['#데이트코스', '#제로페이']",0,0,0,0,0
매화,3.6,30,서울 마포구 성미산로 192 (우)03982,지번연남동 227-23,['#노포'],0,0,0,0,0
북녘식당친친,3.2,13,서울 마포구 연남로7길 24 1층 (우)03975,지번연남동 370-30,"['#데이트코스', '#전통음식', '#제로페이']",0,0,0,0,0
릴린,4,71,서울 마포구 동교로34길 17 (우)03982,지번연남동 381-3,"['#데이트코스', '#이국적인', '#인도네시아요리', '#제로페이']",0,0,0,0,0
로야토야,4.3,32,서울 마포구 월드컵북로6길 57 민호빌딩 1층 (우)03991,지번연남동 568-30,"['#데이트코스', '#일본가정식', '#정갈한느낌', '#혼밥', '#카카오페이', '#제로페이']",0,0,0,0,0
앤스,3.8,9,서울 마포구 성미산로 174 2층 (우)03983,지번연남동 229-3,['#루프탑있는'],0,0,0,0,0
서대문양꼬치,3.2,2,서울 마포구 동교로 249 2층 (우)03984,지번연남동 258-1,['etc'],0,0,0,0,0
코리아식당,3.4,27,서울 마포구 연희로 35 (우)03982,지번연남동 227-1,['#제로페이'],0,0,0,0,0
파롤앤랑그 연남본점,3.6,36,서울 마포구 성미산로29안길 8 (우)03980,지번연남동 240-32,"['#디저트카페', '#분위기좋은', '#빈티지분위기']",0,0,0,0,0
하쿠텐,4.3,56,서울 마포구 동교로 266-12 (우)03982,지번연남동 387-6,['#혼밥'],0,0,0,0,0
탕탕,4.2,29,서울 마포구 성미산로 97 (우)03977,지번연남동 487-378,['#제로페이'],0,0,0,0,0
리틀빅토리,4.6,61,서울 마포구 연희로1길 41 1층 (우)03982,지번연남동 381-6,['#데이트코스'],0,0,0,0,0
데일리라운드,3.6,11,서울 마포구 동교로38길 27-19 2층 (우)03982,지번연남동 390-28,"['#루프탑있는', '#브런치카페', '#제로페이']",0,0,0,0,0
윤성용레스토랑,3.5,28,서울 마포구 연남로1길 22 (우)03990,지번연남동 566-24,"['#데이트코스', '#소개팅', '#제로페이']",0,0,0,0,0
연남동벚꽃집,3.5,13,서울 마포구 동교로29길 50 (우)03984,지번연남동 256-9,"['#데이트코스', '#소개팅', '#제로페이']",0,0,0,0,0
심원,3.7,41,서울 마포구 성미산로29안길 19-7 1층 (우)03980,지번연남동 241-74,"['#덮밥맛집', '#연남동덮밥', '#연남동밥집', '#장어덮밥', '#카이센동', '#데이트코스', '#분위기좋은', '#정갈한느낌']",0,0,0,0,0
곤로야끼니꾸,3.6,18,서울 마포구 동교로39길 9 (우)03984,지번연남동 258-10,['#데이트코스'],0,0,0,0,0
이주방,4.2,33,서울 마포구 연희로 33 2층 (우)03982,지번연남동 227-2,"['#분위기좋은', '#심야식당', '#혼술']",0,0,0,0,0
88파운드,4.7,29,서울 마포구 연남로13길 9 (우)03974,지번연남동 487-424,['#제로페이'],0,0,0,0,0
혼네,3.8,73,서울 마포구 동교로46길 42-3 1층 (우)03982,지번연남동 227-4,['etc'],0,0,0,0,0
너의옆자리,3.9,19,서울 마포구 성미산로 190-33 2층 202호 (우)03982,지번연남동 387-38,"['#데이트코스', '#소개팅', '#회식장소', '#제로페이']",0,0,0,0,0
위아소울메이트,3.8,38,서울 마포구 성미산로 190-11 1층 (우)03982,지번연남동 227-31,"['#감성카페', '#데이트코스', '#빈티지분위기', '#제로페이']",0,0,0,0,0
단단,3.9,14,서울 마포구 동교로 266-5 (우)03982,지번연남동 228-9,"['#분위기좋은', '#심야식당', '#혼술']",0,0,0,0,0
카츠토랑,4.8,24,서울 마포구 성미산로 95 1층 (우)03977,지번연남동 487-113,"['#데이트코스', '#제로페이']",0,0,0,0,0
헬로인디아,4.5,80,서울 마포구 연남로3길 9 1층 (우)03990,지번연남동 566-51,"['#비건푸드', '#점심식사', '#제로페이']",0,0,0,0,0
연피랑,2.8,12,서울 마포구 동교로46길 3 (우)03982,지번연남동 228-25,"['#데이트코스', '#제로페이']",0,0,0,0,0
라무진 연남점,2.9,14,서울 마포구 동교로36길 3 2층 (우)03982,지번연남동 260-25,['#제로페이'],0,0,0,0,0
피크닉마나올라나,3.6,11,서울 마포구 성미산로 153-16 (우)03980,지번연남동 240-29,"['#브런치카페', '#제로페이']",0,0,0,0,0
듀윗,4.3,32,서울 마포구 동교로 242-5 2층 (우)03982,지번연남동 260-14,"['#데이트코스', '#디저트카페', '#제로페이']",0,0,0,0,0
온정,4.5,66,서울 마포구 동교로 262-10 1층 (우)03982,지번연남동 387-15,"['#혼밥', '#제로페이']",0,0,0,0,0
김뿌라 연남동본점,3.6,37,서울 마포구 성미산로 127 (우)03977,지번연남동 369-15,"['#점심식사', '#제로페이']",0,0,0,0,0
우와,4,23,서울 마포구 성미산로 161-11 (우)03980,지번연남동 240-3,['etc'],0,0,0,0,0
상해소흘,3.9,36,서울 마포구 동교로 272 1층 (우)03981,지번연남동 224-35,['#중화포차'],0,0,0,0,0
모모키친,3.4,19,서울 마포구 동교로34길 3 1층 (우)03982,지번연남동 260-31,"['#데이트코스', '#분위기좋은', '#심야주점']",0,0,0,0,0
감칠,3,60,서울 마포구 동교로46길 27 2층 (우)03982,지번연남동 385-3,"['#데이트코스', '#제로페이']",0,0,0,0,0
유니드마이요거트,3.3,30,서울 마포구 성미산로29길 44 1층 (우)03980,지번연남동 241-59,"['#애견동반식당', '#앤틱한', '#요거트카페']",0,0,0,0,0
시실리,2.7,22,서울 마포구 성미산로 198 (우)03982,지번연남동 227-15,"['#노포', '#레트로풍', '#해물포차', '#제로페이']",0,0,0,0,0
옥타,4,32,서울 마포구 성미산로26길 42 (우)03984,지번연남동 257-16,"['#데이트코스', '#심야식당']",0,0,0,0,0
알척,4.1,33,서울 마포구 성미산로26길 43 1층 (우)03984,지번연남동 257-8,"['#데이트코스', '#소개팅', '#카카오페이', '#제로페이']",0,0,0,0,0
티앤제인,3.9,7,서울 마포구 성미산로 165-6 (우)03980,지번연남동 223-111,"['#데이트코스', '#분위기좋은', '#비스트로', '#소개팅', '#캐주얼한분위기', '#피맥', '#제로페이']",0,0,0,0,0
연남화로굼,4.2,10,서울 마포구 성미산로 195 1층 (우)03981,지번연남동 226-29,"['#데이트코스', '#분위기좋은', '#소개팅', '#혼밥', '#혼술', '#제로페이']",0,0,0,0,0
소주방,3.8,5,서울 마포구 동교로 266-12 1층 (우)03982,지번연남동 387-6,"['#데이트코스', '#분위기좋은', '#친목모임', '#회식장소', '#제로페이']",0,0,0,0,0
윤씨그릴방,3.6,37,서울 마포구 성미산로 184 (우)03982,지번연남동 228-8,['#데이트코스'],0,0,0,0,0
쨈지달,4.5,72,서울 마포구 동교로38안길 23 (우)03982,지번연남동 390-57,"['#비스트로', '#칵테일바', '#혼술', '#제로페이']",0,0,0,0,0
카페꼼마 연남점,4.1,29,서울 마포구 성미산로29길 17-8 1층 (우)03979,지번연남동 245-70,"['#베이커리카페', '#북카페', '#분위기좋은', '#야외테라스']",0,0,0,0,0
566라멘,3.7,41,서울 마포구 연남로3길 33 1층 (우)03990,지번연남동 566,"['#혼밥', '#카카오페이']",0,0,0,0,0
올바른김밥,4.1,37,서울 마포구 성미산로 200 (우)03982,지번연남동 227-38,"['#점심식사', '#혼밥']",0,0,0,0,0
이와나시,3.9,12,서울 마포구 성미산로 190-8 2층 (우)03982,지번연남동 387-7,"['#데이트코스', '#정갈한느낌', '#제로페이']",0,0,0,0,0
별양꾼,2.3,23,서울 마포구 동교로 241 (우)03984,지번연남동 258-16,['#제로페이'],0,0,0,0,0
최사장네닭,3.4,18,서울 마포구 연남로 4-1 (우)03989,지번연남동 373-17,['etc'],0,0,0,0,0
야미케이크,3.5,11,서울 마포구 월드컵북로16길 53 가동 1층 (우)03974,지번연남동 487-255,"['#레터링케이크', '#케이크주문제작']",0,0,0,0,0
스트로베리32,4.7,11,서울 마포구 연남로5길 6-6 1층 (우)03988,지번연남동 509-19,['#제로페이'],0,0,0,0,0
봄띠,4,23,서울 마포구 동교로38길 30 3층 (우)03982,지번연남동 382-27,['etc'],0,0,0,0,0
코발트무드,3.9,17,서울 마포구 동교로38길 42 (우)03982,지번연남동 382-19,"['#감성카페', '#데이트코스', '#빈티지분위기', '#앤틱한']",0,0,0,0,0
에스프레소부티크,4.2,23,서울 마포구 연남로3길 7 2층 (우)03990,지번연남동 566-60,"['#데이트코스', '#분위기좋은', '#핸드드립전문점', '#제로페이']",0,0,0,0,0
줜막걸리아노,None,53,서울 마포구 동교로 248-2 2층 (우)03982,지번연남동 228-47,"['#민속주점', '#회식장소']",0,0,0,0,0
등불서양주점,2.2,17,서울 마포구 성미산로 190-11 (우)03982,지번연남동 227-31,['etc'],0,0,0,0,0
비스트로가마,4.7,44,서울 마포구 동교로38안길 10 1층 (우)03982,지번연남동 390-68,"['#비스트로', '#소개팅', '#제로페이']",0,0,0,0,0
이노시시,3.2,23,서울 마포구 성미산로 197 1층 (우)03981,지번연남동 226-16,"['#혼술', '#제로페이']",0,0,0,0,0
아뜨뜨,3.9,30,서울 마포구 동교로38길 42-5 세모하우스 지하 1층 (우)03982,지번연남동 382-22,"['#솥밥', '#솥밥맛집', '#연남동맛집', '#연남동밥집', '#연남동핫플', '#제로페이']",0,0,0,0,0
해피치즈스마일 연남점,3.9,57,서울 마포구 동교로 244-1 2층 (우)03982,지번연남동 228-59,"['#데이트코스', '#카카오페이', '#제로페이']",0,0,0,0,0
욜로양꼬치 홍대점,3.5,4,서울 마포구 동교로 248 1층 (우)03982,지번연남동 228-57,['etc'],0,0,0,0,0
진어참치,4.3,19,서울 마포구 연남로3길 34 (우)03988,지번연남동 561-8,"['#안심식당', '#친목모임', '#회식장소', '#제로페이']",0,0,0,0,0
커피그래피티,4.4,27,서울 마포구 동교로 278 (우)03981,지번연남동 224-23,"['#로스팅전문', '#핸드드립전문점', '#제로페이']",0,0,0,0,0
여덟,4.6,65,서울 마포구 동교로38길 22 1층 (우)03982,지번연남동 390-3,"['#데이트코스', '#제로페이']",0,0,0,0,0
달빛부엌,4.1,22,서울 마포구 동교로46길 34 (우)03982,지번연남동 227-13,"['#데이트코스', '#심야식당', '#제로페이']",0,0,0,0,0
봄희,4.4,16,서울 마포구 성미산로23안길 21 1층 (우)03979,지번연남동 244-2,"['#분위기좋은', '#빈티지분위기', '#소개팅', '#앤틱한', '#제로페이']",0,0,0,0,0
페블스,4.3,22,서울 마포구 연남로3길 23 1층 (우)03990,지번연남동 566-19,['etc'],0,0,0,0,0
젠틀키친,3.8,29,서울 마포구 동교로51길 129-4 3층 (우)03979,지번연남동 454-12,"['#데이트코스', '#혼밥']",0,0,0,0,0
진가,2.9,16,서울 마포구 동교로34길 12 1층 (우)03985,지번연남동 260-41,"['#안심식당', '#중화포차', '#제로페이']",0,0,0,0,0
퍼밀,2.9,33,서울 마포구 동교로46길 26 1층 (우)03982,지번연남동 384-3,"['#데이트코스', '#분위기좋은', '#소개팅', '#한옥스타일', '#제로페이']",0,0,0,0,0
히메지 1호점,3.8,54,서울 마포구 성미산로 200 (우)03982,지번연남동 227-38,['#혼밥'],0,0,0,0,0
란콰이진,3.8,9,서울 마포구 성미산로29안길 27-6 1층 (우)03980,지번연남동 241-81,"['#블루리본맛집', '#연남동데이트', '#연남동맛집', '#연남동분위기', '#연남동술집', '#데이트코스', '#분위기좋은', '#이국적인', '#제로페이']",0,0,0,0,0
게슈탈트커피,2.7,15,서울 마포구 동교로 260 2층 (우)03982,지번연남동 228-26,['#감성카페'],0,0,0,0,0
메리마카롱,4.4,33,서울 마포구 동교로38길 33-6 1층 (우)03982,지번연남동 390-41,['#제로페이'],0,0,0,0,0
오물오물,3.3,18,서울 마포구 동교로 240 지하 1층 (우)03982,지번연남동 260-28,"['#데이트코스', '#혼밥', '#제로페이']",0,0,0,0,0
정항우케익 서울연남점,4.1,11,서울 마포구 동교로29길 48 (우)03984,지번연남동 257-18,"['#데이트코스', '#디저트카페']",0,0,0,0,0
월량관,4.3,29,서울 마포구 동교로46길 10 (우)03982,지번연남동 387-45,['etc'],0,0,0,0,0
쿄베이커리 연남점,3.5,24,서울 마포구 성미산로26길 27 1층 (우)03984,지번연남동 257-2,"['#카카오페이', '#제로페이']",0,0,0,0,0
베란다컵케익 연남점,2.5,13,서울 마포구 동교로38길 27-14 1층 (우)03982,지번연남동 383-44,"['#디저트카페', '#빈티지분위기', '#제로페이']",0,0,0,0,0
풀스트릿,3.7,17,서울 마포구 동교로51안길 16 1층 (우)03980,지번연남동 223-26,"['#안심식당', '#데이트코스', '#분위기좋은', '#브런치카페', '#소개팅', '#애견동반식당', '#제로페이']",0,0,0,0,0
마가렛 연남,3.1,30,서울 마포구 성미산로29길 10 (우)03980,지번연남동 240-49,"['#노키즈존', '#디저트카페', '#제로페이']",0,0,0,0,0
우주옥,2.8,35,서울 마포구 동교로50길 11 지하 2호 (우)03981,지번연남동 224-6,['#제로페이'],0,0,0,0,0
용정바른얼굴식당,3.8,22,서울 마포구 동교로38길 33-8 (우)03982,지번연남동 390-40,"['#경양식요리', '#데이트코스', '#앤틱한', '#제로페이']",0,0,0,0,0
잼잼,4.3,38,서울 마포구 성미산로29길 24 지하1층 (우)03980,지번연남동 241-31,"['#연남동카페', '#연남동디저트', '#연남동브런치', '#연남동잼잼', '#연남동흑임자', '#브런치카페', '#잼카페']",0,0,0,0,0
알앤엠,3.4,15,서울 마포구 성미산로17길 12 1층 (우)03977,지번연남동 487-94,"['#감성카페', '#레터링케이크', '#제로페이']",0,0,0,0,0
아우프글렛 연남점,3,61,서울 마포구 성미산로31길 11 (우)03980,지번연남동 223-45,['etc'],0,0,0,0,0
라헨느,3.7,15,서울 마포구 동교로46길 24-5 1층 (우)03982,지번연남동 384-11,"['#공주풍', '#데이트코스', '#분위기좋은', '#앤틱한', '#이색카페', '#제로페이']",0,0,0,0,0
섬,4.2,24,서울 마포구 동교로46길 42 2층 (우)03982,지번연남동 227-5,"['#혼밥', '#제로페이']",0,0,0,0,0
도쿄수플레 연남점,1.8,24,서울 마포구 성미산로 161-11 1층 (우)03980,지번연남동 240-3,['#디저트카페'],0,0,0,0,0
계륵장군 연남점,3.5,8,서울 마포구 연희로 43 1층 (우)03981,지번연남동 226-36,"['#가족모임', '#점심식사', '#친목모임', '#회식장소', '#제로페이']",0,0,0,0,0
유니르,4.8,14,서울 마포구 동교로 256-10 (우)03982,지번연남동 228-32,"['#감성카페', '#데이트코스', '#분위기좋은', '#칵테일바', '#제로페이']",0,0,0,0,0
메리트리,4.4,19,서울 마포구 성미산로29안길 17 2층 (우)03980,지번연남동 241-18,"['#디저트카페', '#루프탑있는', '#제로페이']",0,0,0,0,0
공그로트,4.2,34,서울 마포구 동교로51길 129-6 1~4층 (우)03979,지번연남동 454-13,"['#루프탑있는', '#세계맥주', '#제로페이']",0,0,0,0,0
그림카페,4.6,7,서울 마포구 성미산로 161-10 1층 (우)03980,지번연남동 223-14,['#이색카페'],0,0,0,0,0
소금집 델리 연남,4.6,1,서울 마포구 성미산로29안길 18 2층 201호 (우)03980,지번연남동 240-16,['etc'],0,0,0,0,0
연남곱창타운,1.6,34,서울 마포구 동교로 236 (우)03985,지번연남동 260-51,"['#데이트코스', '#회식장소']",0,0,0,0,0
카멜로연남,4,31,서울 마포구 연희로1길 57 1.5층 (우)03982,지번연남동 383-23,"['#데이트코스', '#분위기좋은', '#소개팅', '#앤틱한', '#유럽가정식', '#제로페이']",0,0,0,0,0
연남마실,4.2,37,서울 마포구 동교로51길 129-2 (우)03979,지번연남동 454-11,"['#데이트코스', '#칵테일바', '#제로페이']",0,0,0,0,0
여의주점,4,4,서울 마포구 동교로34길 8 1층 (우)03985,지번연남동 260-45,"['#데이트코스', '#분위기좋은', '#친목모임', '#제로페이']",0,0,0,0,0
백종명화이트커피,4,13,서울 마포구 성미산로29안길 29 (우)03980,지번연남동 241-80,"['#데이트코스', '#로스팅전문', '#핸드드립전문점', '#카카오페이', '#제로페이']",0,0,0,0,0
서치홀,3,5,서울 마포구 동교로23길 98-9 (우)03986,지번연남동 487-153,"['#감성카페', '#데이트코스', '#루프탑있는']",0,0,0,0,0
봉쥬르밥상,3.6,26,서울 마포구 성미산로26길 37 지층 101호 (우)03984,지번연남동 257-6,['#제로페이'],0,0,0,0,0
역전할머니맥주 연남점,3.1,7,서울 마포구 동교로 266 1층 (우)03982,지번연남동 228-20,['#제로페이'],0,0,0,0,0
슬리핑포레스트,4.6,17,서울 마포구 동교로41길 31 (우)03984,지번연남동 254-8,"['#데이트코스', '#캠핑느낌나는', '#카카오페이', '#제로페이']",0,0,0,0,0
아각아각,3.3,27,서울 마포구 동교로25길 57 1층 (우)03991,지번연남동 570-23,"['#로컬푸드', '#이국적인']",0,0,0,0,0
앤디스커피 연남점,5,2,서울 마포구 동교로 256-4 (우)03982,지번연남동 228-39,"['#카카오페이', '#제로페이']",0,0,0,0,0
투썸플레이스 마포연남점,3.7,12,서울 마포구 성미산로 143 (우)03979,지번연남동 250-28,['#루프탑있는'],0,0,0,0,0
힐링사주타로샵미라클,3.4,5,서울 마포구 동교로38길 11 2층 (우)03982,지번연남동 390-70,"['#사주카페', '#카카오페이']",0,0,0,0,0
회뜨는총각,2.9,11,서울 마포구 동교로 260 1층 (우)03982,지번연남동 228-26,"['#낮술하기좋은', '#제로페이']",0,0,0,0,0
야끼토리지중,2.8,18,서울 마포구 동교로29길 32 1층 (우)03984,지번연남동 257-23,"['#카카오페이', '#제로페이']",0,0,0,0,0
연남오락실,4.4,10,서울 마포구 연희로 37 지하B2호 (우)03982,지번연남동 227-37,"['#다트', '#데이트코스', '#보드게임카페', '#소개팅', '#이색술집', '#칵테일바', '#카카오페이', '#제로페이']",0,0,0,0,0
우리할매떡볶이 연남점,4.4,7,서울 마포구 동교로 227-5 1층 (우)03989,지번연남동 373-14,['etc'],0,0,0,0,0
오버필커피,3.7,3,서울 마포구 동교로 262-5 2층 (우)03982,지번연남동 387-11,"['#감성카페', '#제로페이']",0,0,0,0,0
다이닝야경,None,61,서울 마포구 성미산로 189-6 1층 101호 (우)03981,지번연남동 226-22,"['#데이트코스', '#분위기좋은', '#소개팅', '#심야식당', '#친목모임', '#코스요리', '#제로페이']",0,0,0,0,0
낭풍,4.6,13,서울 마포구 동교로 253 2층 (우)03983,지번연남동 229-64,['#제로페이'],0,0,0,0,0
나무그늘집,2.7,6,서울 마포구 연남로 8 (우)03989,지번연남동 373-12,['#제로페이'],0,0,0,0,0
에뚜왈 연남점,4.1,3,서울 마포구 성미산로 170 1층 (우)03983,지번연남동 239-39,['etc'],0,0,0,0,0
모이정,4.5,12,서울 마포구 성미산로 122 1층 (우)03988,지번연남동 504-32,"['#데이트코스', '#분위기좋은', '#술한잔하기좋은', '#친목모임', '#카카오페이', '#제로페이']",0,0,0,0,0
화령,3.5,8,서울 마포구 동교로 261 1층 (우)03983,지번연남동 229-33,"['#민속주점', '#분위기좋은', '#오뎅바', '#혼술', '#제로페이']",0,0,0,0,0
돈코보쌈,2,14,서울 마포구 월드컵북로6길 55 (우)03991,지번연남동 568-38,"['#점심식사', '#친목모임', '#회식장소', '#제로페이']",0,0,0,0,0
피프에스프레소바,None,28,서울 마포구 성미산로29길 5 1층 (우)03979,지번연남동 250-3,['etc'],0,0,0,0,0
리이슈커피로스터스,4.6,37,서울 마포구 연남로 35 1층 (우)03988,지번연남동 509-29,"['#로스팅전문', '#스탠딩바', '#핸드드립전문점', '#제로페이']",0,0,0,0,0
천리향양꼬치,3.7,10,서울 마포구 성미산로 190 (우)03982,지번연남동 228-1,['#제로페이'],0,0,0,0,0
브론시스,4,22,서울 마포구 연희로1길 57 지하1층 (우)03982,지번연남동 383-23,"['#데이트코스', '#디저트카페', '#분위기좋은', '#제로페이']",0,0,0,0,0
코메아벨렘,4.6,48,서울 마포구 성미산로 200 1층 (우)03982,지번연남동 227-38,['#디저트카페'],0,0,0,0,0
아노브피자 연남,4.1,31,서울 마포구 동교로 267 2층 (우)03983,지번연남동 229-67,"['#루프탑', '#연남동맛집', '#연남동피맥', '#연남동피자', '#피자맛집', '#1인피자', '#낮술하기좋은', '#점심식사', '#피맥', '#제로페이']",0,0,0,0,0
조앤도슨,4,42,서울 마포구 동교로41길 31 1층 B102호 (우)03984,지번연남동 254-8,['#제로페이'],0,0,0,0,0
옐로우미플,5,8,서울 마포구 연희로1길 45 3층 (우)03982,지번연남동 383-38,"['#데이트코스', '#방탈출카페', '#보드게임카페', '#제로페이']",0,0,0,0,0
더컨셉,2.9,8,서울 마포구 월드컵북로6길 79 지층 (우)03990,지번연남동 567-15,"['#점심식사', '#한식뷔페', '#함바식당', '#제로페이']",0,0,0,0,0
돈조세,4.7,7,서울 마포구 동교로 254 (우)03982,지번연남동 228-42,['etc'],0,0,0,0,0
헤이미쉬,3.6,19,서울 마포구 동교로38길 27 (우)03982,지번연남동 390-25,"['#데이트코스', '#분위기좋은', '#칵테일바', '#제로페이']",0,0,0,0,0
이자카야라쿤 연남점,4.8,4,서울 마포구 성미산로29안길 29 지하 101호 (우)03980,지번연남동 241-80,"['#데이트코스', '#분위기좋은', '#심야식당', '#혼술', '#제로페이']",0,0,0,0,0
수부니흐,4.2,14,서울 마포구 동교로38길 35 2층 (우)03982,지번연남동 390-42,"['#낮술하기좋은', '#데이트코스', '#분위기좋은', '#비스트로', '#소개팅', '#유러피안비스트로', '#캐주얼한분위기', '#코스요리', '#프랑스음식', '#제로페이']",0,0,0,0,0
느린마을양조장 연남점,3,44,서울 마포구 동교로 242-5 1층 (우)03982,지번연남동 260-14,"['#낮술하기좋은', '#데이트코스', '#막걸리무한리필', '#수제막걸리', '#제로페이']",0,0,0,0,0
연남일기,4.5,13,서울 마포구 동교로34길 9 1층 (우)03982,지번연남동 260-38,"['#데이트코스', '#분위기좋은', '#소개팅', '#칵테일바', '#제로페이']",0,0,0,0,0
파파도나스 연남점,4.4,17,서울 마포구 동교로27길 46 101호 (우)03990,지번연남동 567-6,['#제로페이'],0,0,0,0,0
퍼프x오지코스트,4.3,24,서울 마포구 월드컵북로6길 81 2동 2층 (우)03990,지번연남동 567-20,['#제로페이'],0,0,0,0,0
문일리,4.4,34,서울 마포구 연남로13길 9 102호 (우)03974,지번연남동 487-424,"['#피맥', '#피자펍', '#제로페이']",0,0,0,0,0
윌슨피자,4.5,15,서울 마포구 성미산로 190-8 (우)03982,지번연남동 387-7,"['#피맥', '#제로페이']",0,0,0,0,0
마마즈돌,4.7,3,서울 마포구 동교로46길 24-2 1층 (우)03982,지번연남동 384-9,['#제로페이'],0,0,0,0,0
연남별관,5,4,서울 마포구 성미산로 194 (우)03982,지번연남동 227-22,"['#데이트코스', '#분위기좋은', '#수제맥주', '#제로페이']",0,0,0,0,0
녹원쌈밥,4,4,서울 마포구 동교로27길 102 (우)03988,지번연남동 504-39,['#제로페이'],0,0,0,0,0
배꼽시계,4.3,9,서울 마포구 연남로 11 (우)03990,지번연남동 567-56,"['#점심식사', '#코스요리', '#퓨전한정식', '#한정식코스요리', '#혼밥', '#제로페이']",0,0,0,0,0
연남정 본점,4.1,7,서울 마포구 연남로 79 (우)03975,지번연남동 364-25,"['#안심식당', '#가정식뷔페', '#한식뷔페', '#함바식당', '#혼밥', '#제로페이']",0,0,0,0,0
진우네초밥,4.2,19,서울 마포구 연남로3길 51 (우)03991,지번연남동 565-31,"['#점심식사', '#제로페이']",0,0,0,0,0
산동꾸냥 수제만두,4.4,16,서울 마포구 연남로 12 (우)03989,지번연남동 373-6,"['#대만가정식', '#혼밥']",0,0,0,0,0
에트나퓨,5,10,서울 마포구 동교로38안길 3 2층 (우)03982,지번연남동 228-56,"['#데이트코스', '#비스트로', '#소개팅', '#이국적인', '#이탈리아레스토랑', '#점심식사']",0,0,0,0,0
le torte,3.5,12,서울 마포구 연남로1길 19 (우)03990,지번연남동 567-17,"['#데이트코스', '#디저트카페', '#앤틱한']",0,0,0,0,0
맥코이커피,4.4,38,서울 마포구 성미산로 147 1층 (우)03979,지번연남동 250-5,"['#고즈넉한', '#빈티지분위기']",0,0,0,0,0
무명요리사,4.1,15,서울 마포구 동교로32길 5 (우)03985,지번연남동 260-47,"['#심야식당', '#혼술', '#제로페이']",0,0,0,0,0
매일카페,4.5,13,서울 마포구 연남로3길 31 1층 (우)03990,지번연남동 566-2,"['#감성카페', '#디저트카페', '#핸드드립전문점']",0,0,0,0,0
미라보양과자점,3.6,23,서울 마포구 성미산로29길 35-6 1층 (우)03979,지번연남동 245-67,"['#디저트카페', '#카카오페이', '#제로페이']",0,0,0,0,0
이관우파스타,3.6,33,서울 마포구 동교로46길 29 2층 (우)03982,지번연남동 385-1,"['#데이트코스', '#제로페이']",0,0,0,0,0
아필립,3.3,11,서울 마포구 성미산로 191 (우)03981,지번연남동 226-23,"['#건강식', '#데이트코스', '#비건푸드', '#수제막걸리', '#심야식당', '#심야주점', '#제로페이']",0,0,0,0,0
백스트리트피자,4.4,79,서울 마포구 동교로 245 4층 (우)03984,지번연남동 258-10,"['#데이트코스', '#분위기좋은', '#앤틱한', '#피맥', '#카카오페이', '#제로페이']",0,0,0,0,0
루온루온,4.6,28,서울 마포구 동교로38길 20 1층 (우)03982,지번연남동 390-77,['#데이트코스'],0,0,0,0,0
야키토리 미식서울,4.1,27,서울 마포구 성미산로 189-5 201호 (우)03981,지번연남동 224-60,['etc'],0,0,0,0,0
마음,4.1,29,서울 마포구 동교로51길 77-11 1층 (우)03980,지번연남동 241-13,"['#비스트로', '#소개팅']",0,0,0,0,0
풀뜯는돼지,4.3,33,서울 마포구 동교로32길 7 1층 (우)03985,지번연남동 260-46,['#제로페이'],0,0,0,0,0
더파이샵,4.4,15,서울 마포구 성미산로 163 1층 (우)03980,지번연남동 223-21,['#데이트코스'],0,0,0,0,0
전주상회,3.4,10,서울 마포구 성미산로 195 (우)03981,지번연남동 226-29,"['#데이트코스', '#친목모임', '#제로페이']",0,0,0,0,0
사이드테이블,4.8,16,서울 마포구 동교로47길 3 (우)03983,지번연남동 229-32,"['#감성카페', '#데이트코스', '#제로페이']",0,0,0,0,0
비스트로오라,4.3,25,서울 마포구 동교로 244 거구빌딩 2층 (우)03982,지번연남동 260-60,"['#연남동데이트', '#연남동맛집', '#연남동스테이크', '#연남동와인', '#연남동파스타', '#데이트코스', '#분위기좋은', '#비스트로', '#회식장소', '#카카오페이', '#제로페이']",0,0,0,0,0
숨은골목,4.5,17,서울 마포구 동교로34길 12 (우)03985,지번연남동 260-41,"['#카카오페이', '#제로페이']",0,0,0,0,0
그믐족발 연남점,3.4,5,서울 마포구 동교로46길 10 지층 (우)03982,지번연남동 387-45,"['#카카오페이', '#제로페이']",0,0,0,0,0
어반비치,4.3,1,서울 마포구 동교로 245 3층 (우)03984,지번연남동 258-9,['etc'],0,0,0,0,0
유어로스팅파크,4.5,14,서울 마포구 성미산로22길 23 (우)03988,지번연남동 515-1,"['#로스팅전문', '#제로페이']",0,0,0,0,0
송가,3.3,12,서울 마포구 성미산로 197 (우)03981,지번연남동 226-16,"['#중화포차', '#제로페이']",0,0,0,0,0
띠옷,4.8,16,서울 마포구 동교로41길 4 1층 (우)03983,지번연남동 229-63,"['#디저트카페', '#제로페이']",0,0,0,0,0
애정오뎅,3.7,11,서울 마포구 동교로 262-13 지하 1층 (우)03982,지번연남동 387-8,"['#선술집', '#연남동데이트', '#연남동술집', '#연남동핫플', '#오뎅바', '#심야식당', '#카카오페이', '#제로페이']",0,0,0,0,0
애월연어,4.5,10,서울 마포구 동교로 262-11 1층 (우)03982,지번연남동 387-9,"['#카카오페이', '#제로페이']",0,0,0,0,0
맛돈,3.6,21,서울 마포구 동교로 243 1층 (우)03984,지번연남동 259-16,"['#점심식사', '#제로페이']",0,0,0,0,0
흑심,4,34,서울 마포구 동교로 262-10 2층 (우)03982,지번연남동 387-15,['#제로페이'],0,0,0,0,0
하나라멘,4.8,44,서울 마포구 동교로38길 27-4 1층 (우)03982,지번연남동 390-44,['etc'],0,0,0,0,0
오카에리,4.8,4,서울 마포구 연희로1길 55 2층 (우)03982,지번연남동 383-72,"['#데이트코스', '#분위기좋은', '#소개팅', '#친목모임']",0,0,0,0,0
육구덮밥 연남점,3.1,3,서울 마포구 성미산로 190-3 (우)03982,지번연남동 227-24,['etc'],0,0,0,0,0
서울도넛츠 연남점,2.5,13,서울 마포구 연남로13길 5 (우)03974,지번연남동 487-423,['#제로페이'],0,0,0,0,0
다인,4.6,25,서울 마포구 동교로46길 10 2층 201호 (우)03982,지번연남동 387-45,"['#일본가정식', '#카카오페이', '#제로페이']",0,0,0,0,0
다르다,4,1,서울 마포구 연남로9길 11-15 (우)03975,지번연남동 366-27,"['#데이트코스', '#심리상담카페', '#이색카페', '#제로페이']",0,0,0,0,0
키햐아 연남점,3.3,15,서울 마포구 동교로38길 35 (우)03982,지번연남동 390-42,"['#데이트코스', '#일본가정식', '#정갈한느낌', '#카카오페이', '#제로페이']",0,0,0,0,0
카페콤마 연남점,3.5,6,서울 마포구 성미산로29길 17-8 (우)03979,지번연남동 245-70,['etc'],0,0,0,0,0
미라지커피,None,92,서울 마포구 동교로 262-6 2층 202호 (우)03982,지번연남동 387-13,"['#로스팅전문', '#빈티지분위기', '#소개팅', '#제로페이']",0,0,0,0,0
거북이의꿈,4.3,28,서울 마포구 성미산로 190-31 (우)03982,지번연남동 387-31,"['#데이트코스', '#심야식당']",0,0,0,0,0
청춘소년,4.5,13,서울 마포구 동교로46길 42-8 1층 (우)03982,지번연남동 383-80,"['#데이트코스', '#빈티지분위기', '#소개팅', '#카카오페이', '#제로페이']",0,0,0,0,0
브라운하우스,4.1,33,서울 마포구 동교로50길 25 2층 (우)03981,지번연남동 226-26,['etc'],0,0,0,0,0
홍복,4.3,11,서울 마포구 동교로 274 (우)03981,지번연남동 224-33,['#제로페이'],0,0,0,0,0
카페소프트 연남점,4.5,2,서울 마포구 동교로23길 64 1층 (우)03991,지번연남동 570-1,"['#감성카페', '#데이트코스', '#베이커리카페', '#분위기좋은', '#아침식사']",0,0,0,0,0
사심 스키야키,4.6,8,서울 마포구 성미산로 190-4 지하1층 (우)03982,지번연남동 228-2,"['#데이트코스', '#비스트로', '#혼술', '#제로페이']",0,0,0,0,0
메가커피 연남숲길점,3,12,서울 마포구 동교로 235-1 (우)03984,지번연남동 259-5,"['#카카오페이', '#제로페이']",0,0,0,0,0
크래프트원,4.2,18,서울 마포구 연희로 35 2층 (우)03982,지번연남동 227-1,"['#수제맥주', '#카카오페이', '#제로페이']",0,0,0,0,0
신점사주타로 이웃집마녀,None,14,서울 마포구 동교로34길 6 2층 (우)03985,지번연남동 260-48,"['#연남동사주', '#연남동신점', '#홍대사주', '#홍대신점', '#홍대타로', '#데이트코스', '#보드게임카페', '#사주카페', '#앤틱한']",0,0,0,0,0
장농속 2호점,4.7,7,서울 마포구 동교로46길 36 1층 (우)03982,지번연남동 227-9,"['#데이트코스', '#분위기좋은', '#빈티지분위기', '#소개팅', '#수제맥주', '#피맥']",0,0,0,0,0
롭다,None,105,서울 마포구 동교로38길 4 (우)03982,지번연남동 260-16,"['#감성카페', '#디저트카페', '#분위기좋은']",0,0,0,0,0
아임일리터 연남직영점,4.5,12,서울 마포구 동교로 239-1 (우)03984,지번연남동 259-9,"['#분위기좋은', '#핸드드립전문점', '#제로페이']",0,0,0,0,0
쇠가부엌,4.3,13,서울 마포구 성미산로 161-6 1층 (우)03980,지번연남동 223-110,"['#빈티지분위기', '#와인전문', '#제로페이']",0,0,0,0,0
홍쌤떡볶이 연남점,4.8,17,서울 마포구 연남로5길 36 (우)03988,지번연남동 504-23,['#제로페이'],0,0,0,0,0
쥬벤쿠바 연남,3.9,8,서울 마포구 성미산로29길 34 1.5층 (우)03980,지번연남동 241-48,"['#바베큐플래터', '#연남동데이트', '#연남맛집', '#쿠바샌드위치', '#파스타맛집', '#비스트로', '#제로페이']",0,0,0,0,0
올랑올랑,3.4,22,서울 마포구 동교로46길 25 1층 (우)03982,지번연남동 385-4,"['#퓨전일식', '#혼밥']",0,0,0,0,0
리틀파파포 3호점,3.2,17,서울 마포구 동교로27길 80 (우)03988,지번연남동 561-3,"['#혼밥', '#제로페이']",0,0,0,0,0
온더랜드,5,2,서울 마포구 동교로38길 34 1층 (우)03982,지번연남동 382-29,"['#소품샵', '#연남동소품샵', '#연남동카페', '#온더랜드', '#이색카페', '#LED공방', '#LED소품', '#네온사인만들기', '#무드등', '#제로페이']",0,0,0,0,0
올더플레이트 연남점,3.6,9,서울 마포구 동교로38길 5 2층 (우)03982,지번연남동 228-58,"['#데이트코스', '#회식장소', '#제로페이']",0,0,0,0,0
발트 본점,3.7,11,서울 마포구 동교로 262-3 2층 (우)03982,지번연남동 387-12,"['#감성카페', '#제로페이']",0,0,0,0,0
미드나잇플레져,4.2,28,서울 마포구 성미산로29안길 17 1층 (우)03980,지번연남동 241-18,['#제로페이'],0,0,0,0,0
열정타코,3.9,52,서울 마포구 성미산로29길 42 (우)03980,지번연남동 241-52,"['#혼밥', '#혼술', '#제로페이']",0,0,0,0,0
이석덕생면파스타,2.3,42,서울 마포구 동교로51길 111 (우)03979,지번연남동 453,"['#데이트코스', '#전통음식']",0,0,0,0,0
유동커피,3.7,7,서울 마포구 동교로29길 42 (우)03984,지번연남동 257-19,['etc'],0,0,0,0,0
모어쿠키,4.1,29,서울 마포구 동교로 250 1층 (우)03982,지번연남동 228-45,"['#디저트맛집', '#연남동카페', '#연남동쿠키', '#쿠키맛집', '#홍대쿠키', '#제로페이']",0,0,0,0,0
연희동할머니네,2.4,14,서울 마포구 성미산로 100 (우)03986,지번연남동 487-412,"['#혼밥', '#카카오페이', '#제로페이']",0,0,0,0,0
턴다운서비스,4.1,44,서울 마포구 동교로50길 7 지하1층 (우)03981,지번연남동 224-12,"['#lp카페', '#lp판매', '#비오는날카페', '#연남동카페', '#연희동카페', '#LP바', '#제로페이']",0,0,0,0,0
스몰럭케이크,4.2,6,서울 마포구 성미산로29길 14 리인연남 201호 (우)03980,지번연남동 240-53,"['#디저트카페', '#레터링케이크', '#수제케이크', '#케이크주문제작', '#핸드드립전문점']",0,0,0,0,0
부퓌에트 발랴,4.5,23,서울 마포구 동교로46길 23 (우)03982,지번연남동 385-6,"['#러시아요리', '#전통음식']",0,0,0,0,0
곱깨비 연남본점,3.4,8,서울 마포구 성미산로 190-33 1층 (우)03982,지번연남동 387-38,['#회식장소'],0,0,0,0,0
지구제과,4.7,20,서울 마포구 성미산로29길 30-3 1층 3호 (우)03980,지번연남동 241-45,"['#건강식', '#비건베이커리', '#비건푸드', '#아침식사', '#제로페이']",0,0,0,0,0
자매떡볶이 연남점,4.2,15,서울 마포구 동교로38길 33-18 지하1층 102호 (우)03982,지번연남동 383-78,"['#로제떡볶이', '#분위기맛집', '#연남동데이트', '#연남동맛집', '#자매떡볶이', '#데이트코스', '#소개팅', '#혼밥', '#제로페이']",0,0,0,0,0
물레방아와인바,4.1,37,서울 마포구 성미산로 161-10 지하1층 (우)03980,지번연남동 223-14,"['#분위기좋은', '#제로페이']",0,0,0,0,0
제주촌,1.2,5,서울 마포구 동교로 243-4 (우)03984,지번연남동 258-5,['#제로페이'],0,0,0,0,0
준삐삐마카롱,4.5,23,서울 마포구 성미산로 200 1층 (우)03982,지번연남동 227-38,['#제로페이'],0,0,0,0,0
서양면옥 연남,3.5,15,서울 마포구 연희로1길 43 1층 101호 (우)03982,지번연남동 382-2,"['#데이트코스', '#비스트로', '#점심식사']",0,0,0,0,0
에플린크,4.5,26,서울 마포구 성미산로 190-31 2층 (우)03982,지번연남동 387-31,"['#디저트카페', '#카카오페이', '#제로페이']",0,0,0,0,0
알버트파크,3.6,11,서울 마포구 연남로3길 72 1층 (우)03987,지번연남동 563-10,"['#카카오페이', '#제로페이']",0,0,0,0,0
쟈드니에,4.6,37,서울 마포구 동교로51길 133-1 (우)03979,지번연남동 375-108,"['#브런치카페', '#빈티지분위기']",0,0,0,0,0
실론살롱,4,31,서울 마포구 성미산로 198 (우)03982,지번연남동 227-15,"['#디저트카페', '#빈티지분위기', '#카카오페이', '#제로페이']",0,0,0,0,0
키레네도시21C 홍대본점,4.6,10,서울 마포구 월드컵북로 48-3 1층 (우)03986,지번연남동 487-397,"['#디저트카페', '#베이커리카페', '#분위기좋은', '#수제케이크', '#이국적인', '#제로페이']",0,0,0,0,0
미소국수,4,17,서울 마포구 동교로27길 41 (우)03991,지번연남동 568-23,"['#데이트코스', '#혼밥', '#카카오페이', '#제로페이']",0,0,0,0,0
쿄다이텐동,4.9,22,서울 마포구 동교로38길 33 지빌딩 지하1층 2호 (우)03982,지번연남동 390-35,"['#혼밥', '#카카오페이', '#제로페이']",0,0,0,0,0
밥스바비 연남점,3.6,13,서울 마포구 동교로 225 1층 (우)03989,지번연남동 358-1,"['#데이트코스', '#분위기좋은', '#제로페이']",0,0,0,0,0
히든트랙헤이즐,4.6,21,서울 마포구 성미산로 153-9 (우)03980,지번연남동 240-38,"['#데이트코스', '#분위기좋은', '#플라워카페', '#제로페이']",0,0,0,0,0
라온디,4.5,2,서울 마포구 동교로 278 1층 102호 (우)03981,지번연남동 224-24,"['#수제초콜릿', '#제로페이']",0,0,0,0,0
옥자,4.7,41,서울 마포구 성미산로29길 40-15 (우)03980,지번연남동 241-42,"['#이국적인', '#제로페이']",0,0,0,0,0
가스트로스페인,3.8,12,서울 마포구 동교로38안길 18 지하1층 (우)03982,지번연남동 390-98,"['#스페인요리', '#친목모임', '#제로페이']",0,0,0,0,0
위아소울메이트 2호점,3.3,13,서울 마포구 동교로38길 30 1층 (우)03982,지번연남동 382-27,"['#감성카페', '#빈티지분위기', '#카카오페이', '#제로페이']",0,0,0,0,0
초이다이닝 연남,4.2,31,서울 마포구 동교로36길 3 지하1층 (우)03982,지번연남동 260-25,"['#혼밥', '#카카오페이']",0,0,0,0,0
니꾸킹버거,4.6,18,서울 마포구 동교로34길 17 1층 202호 (우)03982,지번연남동 381-3,['#제로페이'],0,0,0,0,0
별빛카페달빛차,4.4,7,서울 마포구 성미산로 128 1층 (우)03988,지번연남동 509-13,['#제로페이'],0,0,0,0,0
플루프커피,4.5,42,서울 마포구 동교로46길 12 1층 102호 (우)03982,지번연남동 387-46,['#감성카페'],0,0,0,0,0
해브,4.3,21,서울 마포구 연희로1길 55 1층 (우)03982,지번연남동 383-72,"['#데이트코스', '#점심특선', '#제로페이']",0,0,0,0,0
렌테,4.9,27,서울 마포구 동교로41길 31 (우)03984,지번연남동 254-8,"['#까눌레', '#마카롱', '#휘낭시에', '#연남동디저트', '#연남동카페', '#제로페이']",0,0,0,0,0
정양집,4.6,21,서울 마포구 동교로39길 4 1층 (우)03984,지번연남동 255-21,['#혼술'],0,0,0,0,0
츄르릅,0,0,서울 마포구 동교로46길 42-6 지하 1층 (우)03982,지번연남동 227-7,['etc'],0,0,0,0,0
루모스케이크,4.5,17,서울 마포구 동교로51길 81 1층 (우)03980,지번연남동 241-69,"['#디톡스음료', '#레터링케이크', '#빈티지분위기', '#앤틱한']",0,0,0,0,0
연남5701,4.2,10,서울 마포구 동교로23길 64 지하1층 (우)03991,지번연남동 570-1,"['#데이트코스', '#라이브공연', '#라이브바', '#분위기좋은', '#카카오페이', '#제로페이']",0,0,0,0,0
카페바잇미 연남점,5,4,서울 마포구 동교로41길 8 1층 (우)03983,지번연남동 229-62,['etc'],0,0,0,0,0
카페늘보,4,4,서울 마포구 동교로51안길 26 (우)03980,지번연남동 223-8,"['#데이트코스', '#드로잉카페', '#이색카페', '#제로페이']",0,0,0,0,0
원조시골집할머니네 생선구이백반,2.7,10,서울 마포구 성미산로 102 (우)03986,지번연남동 493-31,['#점심식사'],0,0,0,0,0
고시고시,3.9,20,서울 마포구 동교로38길 33-21 1층 (우)03982,지번연남동 384-7,"['#감성카페', '#데이트코스', '#술한잔하기좋은', '#혼밥']",0,0,0,0,0
카페테드,3.9,12,서울 마포구 성미산로32길 51 (우)03984,지번연남동 256-8,['#제로페이'],0,0,0,0,0
어반루프,3.9,8,서울 마포구 동교로38길 13 3층 (우)03982,지번연남동 390-71,"['#데이트코스', '#라운지펍', '#루프탑있는', '#소개팅', '#야외테라스', '#와인바', '#칵테일바', '#제로페이']",0,0,0,0,0
탐키친,4.3,10,서울 마포구 동교로32길 19 1층 (우)03985,지번연남동 381-15,"['#데이트코스', '#소개팅', '#술한잔하기좋은', '#아기자기한', '#와인한잔하기좋은', '#친목모임', '#제로페이']",0,0,0,0,0
미소식빵,4.4,14,서울 마포구 동교로27길 92 (우)03988,지번연남동 504-24,['#제로페이'],0,0,0,0,0
달,4.6,16,서울 마포구 동교로 273-1 (우)03980,지번연남동 225-15,"['#디저트카페', '#앤틱한']",0,0,0,0,0
바나나하루키,3.4,57,서울 마포구 동교로38길 6 3층 (우)03982,지번연남동 260-12,"['#카카오페이', '#제로페이']",0,0,0,0,0
오이소순대국 연남본점,4.5,23,서울 마포구 성미산로17길 104 1층 3호 (우)03974,지번연남동 487-226,['#제로페이'],0,0,0,0,0
릴하우스,4.6,11,서울 마포구 동교로 266-8 2층 (우)03982,지번연남동 387-4,"['#데이트코스', '#빈티지분위기']",0,0,0,0,0
데어데어,3,17,서울 마포구 동교로38길 33-9 (우)03982,지번연남동 390-37,"['#고즈넉한', '#데이트코스', '#뮤직펍', '#분위기좋은', '#제로페이']",0,0,0,0,0
슬로우바,0,0,서울 마포구 동교로46길 42-3 지하1층 101호 (우)03982,지번연남동 227-4,"['#데이트코스', '#분위기좋은', '#칵테일바', '#혼술']",0,0,0,0,0
기브미피버,3.9,16,서울 마포구 연남로3길 7 지하1층 (우)03990,지번연남동 566-60,"['#데이트코스', '#분위기좋은', '#비스트로', '#소개팅', '#제로페이']",0,0,0,0,0
데얼커피,4.3,3,서울 마포구 동교로38안길 21 (우)03982,지번연남동 390-56,['etc'],0,0,0,0,0
메종미하벨,2.9,15,서울 마포구 성미산로29길 29-9 (우)03979,지번연남동 245-49,"['#수제케이크', '#케이크주문제작', '#제로페이']",0,0,0,0,0
포포크,3.8,18,서울 마포구 성미산로29길 23 1층 (우)03979,지번연남동 245-63,"['#야외카페', '#제로페이']",0,0,0,0,0
화담,5,5,서울 마포구 성미산로 149-8 1층 (우)03980,지번연남동 240-41,"['#데이트', '#모임맛집', '#선술집', '#연남동맛집', '#연남동술집', '#데이트코스', '#룸술집', '#분위기좋은', '#점심식사']",0,0,0,0,0
삶천식당,5,3,서울 마포구 동교로50길 17 지하1층 (우)03981,지번연남동 224-55,['#제로페이'],0,0,0,0,0
기프티드,3.8,14,서울 마포구 성미산로 150 1층 (우)03983,지번연남동 239-49,"['#디저트카페', '#베이커리카페', '#제로페이']",0,0,0,0,0
치플레,5,1,서울 마포구 동교로 262-9 1층 (우)03982,지번연남동 387-10,"['#디저트카페', '#카카오페이', '#제로페이']",0,0,0,0,0
인디안그릴,4.5,23,서울 마포구 성미산로 157-6 1층 (우)03980,지번연남동 240-10,"['#데이트코스', '#이국적인', '#점심식사', '#친목모임']",0,0,0,0,0
스프레드서울,4.7,6,서울 마포구 성미산로26길 9 1층 101호 (우)03984,지번연남동 252-3,"['#카카오페이', '#제로페이']",0,0,0,0,0
에브리데이해피벌스데이,4.4,20,서울 마포구 연희로 33 3층 (우)03982,지번연남동 227-2,['#제로페이'],0,0,0,0,0
운광해물포차 동해회바다,4.6,5,서울 마포구 동교로 243 (우)03984,지번연남동 259-16,['#해물포차'],0,0,0,0,0
담,0,0,서울 마포구 동교로39길 7 1층 (우)03984,지번연남동 258-2,"['#가성비좋은', '#데이트코스', '#분위기좋은', '#혼술', '#제로페이']",0,0,0,0,0
준식당,4.8,6,서울 마포구 동교로 256 2층 (우)03982,지번연남동 228-40,"['#데이트코스', '#분위기좋은', '#제로페이']",0,0,0,0,0
오아이오,4.7,3,서울 마포구 성미산로29길 34 3층 (우)03980,지번연남동 241-48,"['#데이트코스', '#디저트카페', '#분위기좋은', '#연남동', '#커피맛집']",0,0,0,0,0
쌉 연남점,3.2,51,서울 마포구 성미산로 184 1층 (우)03982,지번연남동 228-11,['#이국적인'],0,0,0,0,0
또다른자아,3.2,10,서울 마포구 동교로46길 7 (우)03982,지번연남동 387-19,"['#데이트코스', '#분위기좋은', '#소개팅', '#테라스가있는']",0,0,0,0,0
미도리,4.4,5,서울 마포구 동교로46길 16 지하 1층 (우)03982,지번연남동 387-25,['etc'],0,0,0,0,0
골드식당 본점,5,7,서울 마포구 동교로 276 (우)03981,지번연남동 224-26,"['#레트로풍', '#점심식사', '#제로페이']",0,0,0,0,0
화씨이육공,5,2,서울 마포구 동교로 258 (우)03982,지번연남동 228-35,['etc'],0,0,0,0,0
올루 에스프레소바,4.8,10,서울 마포구 성미산로29안길 11 102호 (우)03980,지번연남동 241-23,"['#데이트코스', '#스탠딩바']",0,0,0,0,0
익스큐즈미,4.3,9,서울 마포구 동교로 262-4 1층 (우)03982,지번연남동 228-24,"['#데이트코스', '#소개팅']",0,0,0,0,0
조원,4.3,8,서울 마포구 성미산로 151 1층 (우)03980,지번연남동 240-44,"['#점심식사', '#제로페이']",0,0,0,0,0
씨스터브레드,4.4,10,서울 마포구 동교로52길 20-4 (우)03981,지번연남동 224,['#제로페이'],0,0,0,0,0
나카지마토라에몽,5,6,서울 마포구 성미산로29길 40-18 (우)03980,지번연남동 241-41,['#제로페이'],0,0,0,0,0
커스텀샐러드,4.4,14,서울 마포구 동교로38길 19 1층 (우)03982,지번연남동 390-59,"['#건강식', '#제로페이']",0,0,0,0,0
수수하다,4.8,24,서울 마포구 성미산로 161-13 (우)03980,지번연남동 240-2,"['#칵테일바', '#제로페이']",0,0,0,0,0
레드애플 연남점,4.1,7,서울 마포구 동교로46길 30 1층 (우)03982,지번연남동 384-1,"['#데이트코스', '#디저트카페']",0,0,0,0,0
노라,4.8,14,서울 마포구 성미산로29길 42 1층 1호 (우)03980,지번연남동 241-52,"['#카카오페이', '#제로페이']",0,0,0,0,0
SF베이글,4.2,19,서울 마포구 동교로46길 29 1층 (우)03982,지번연남동 385-1,"['#비건푸드', '#제로페이']",0,0,0,0,0
코코시에나 티하우스,3.5,6,서울 마포구 동교로38길 28 3층 (우)03982,지번연남동 382-1,['#데이트코스'],0,0,0,0,0
빠끼또,4.3,18,서울 마포구 성미산로17길 4 (우)03977,지번연남동 487-105,"['#스페인요리', '#제로페이']",0,0,0,0,0
차만다 연남점,4.6,12,서울 마포구 동교로 248 2층 (우)03982,지번연남동 228-57,"['#안심식당', '#데이트코스', '#소개팅', '#영국가정식', '#지중해요리']",0,0,0,0,0
커피볶는김대리,4.5,2,서울 마포구 월드컵북로6길 21 (우)03991,지번연남동 570-36,['#제로페이'],0,0,0,0,0
연남고집,4.8,9,서울 마포구 동교로38길 7 지하 1층 (우)03982,지번연남동 228-55,"['#데이트코스', '#제로페이']",0,0,0,0,0
미드나잇키친 연남점,4.7,11,서울 마포구 동교로32길 5 1층 (우)03985,지번연남동 260-47,"['#데이트코스', '#수제맥주', '#심야식당', '#심야주점', '#회식장소', '#제로페이']",0,0,0,0,0
김보람초콜릿 홍대연남점,3.8,10,서울 마포구 연희로 31 1층 (우)03982,지번연남동 383-93,"['#데이트코스', '#수제초콜릿', '#제로페이']",0,0,0,0,0
벨라쿠키 연남,4.7,9,서울 마포구 동교로 248 1층 (우)03982,지번연남동 228-57,"['#벨라쿠키', '#연남', '#연남동', '#연남맛집']",0,0,0,0,0
프롬헤라스 연남,4.4,18,서울 마포구 연남로 77 1층 (우)03975,지번연남동 365-5,"['#로스팅전문', '#핸드드립전문점']",0,0,0,0,0
우미집1947,4.9,15,서울 마포구 동교로51길 91 1층 (우)03980,지번연남동 241-60,"['#우미집', '#우미집1947', '#연남동꼬리찜', '#연남동한식', '#연남동소꼬리찜', '#상견례', '#제로페이']",0,0,0,0,0
미자씨(mijasea),3.6,5,서울 마포구 동교로38길 6 2층 (우)03982,지번연남동 260-12,['etc'],0,0,0,0,0
오순도순떡볶이,4.5,13,서울 마포구 동교로 280 1층 (우)03981,지번연남동 224-19,['etc'],0,0,0,0,0
종로계림닭도리탕 연남점,3.3,6,서울 마포구 동교로38길 33 지빌딩 102호 (우)03982,지번연남동 390-35,['#제로페이'],0,0,0,0,0
라프하우스,4.9,10,서울 마포구 동교로32길 10 2층 (우)03985,지번연남동 260-57,"['#감성카페', '#디저트카페', '#제로페이']",0,0,0,0,0
포코리트,4,11,서울 마포구 동교로38길 13 1층 (우)03982,지번연남동 390-71,"['#데이트코스', '#분위기좋은', '#소개팅']",0,0,0,0,0
피에트라,4.6,28,서울 마포구 성미산로23길 62 (우)03979,지번연남동 375-116,['#제로페이'],0,0,0,0,0
낭만반점,3.6,5,서울 마포구 동교로 266-6 (우)03982,지번연남동 387-3,"['#퓨전차이니즈', '#혼술']",0,0,0,0,0
와인바별채,4.2,5,서울 마포구 동교로 262-3 1층 (우)03982,지번연남동 387-12,"['#감성주점', '#혼술', '#제로페이']",0,0,0,0,0
피스피스 연남점,4.3,6,서울 마포구 동교로51길 91 2층 (우)03980,지번연남동 241-60,"['#디저트카페', '#연남동디저트', '#연남동수제파이', '#연남동숲길카페', '#연남동카페', '#데이트코스', '#카카오페이']",0,0,0,0,0
기대연남,5,4,서울 마포구 동교로38길 33-9 라온오레 1층 (우)03982,지번연남동 390-37,"['#낮술하기좋은', '#데이트코스', '#술한잔하기좋은', '#제로페이']",0,0,0,0,0
듀오란스,4.9,12,서울 마포구 동교로39길 10 1층 (우)03984,지번연남동 255-24,['#핸드드립전문점'],0,0,0,0,0
브레디네 칵테일바,4.1,10,서울 마포구 성미산로23안길 23 1~3층 (우)03979,지번연남동 244-1,"['#감성카페', '#빈티지분위기', '#칵테일바', '#카카오페이', '#제로페이']",0,0,0,0,0
분식,4.9,17,서울 마포구 성미산로17길 115 103호 (우)03974,지번연남동 487-21,['#제로페이'],0,0,0,0,0
봉화,4.1,8,서울 마포구 동교로38안길 16 1층 (우)03982,지번연남동 390-73,['#제로페이'],0,0,0,0,0
홍대미나리식당,3.7,13,서울 마포구 연희로1길 59 (우)03982,지번연남동 383-103,['#혼밥'],0,0,0,0,0
뚜레쥬르 마포연남점,2.5,8,서울 마포구 연남로 43 1층 (우)03977,지번연남동 369-6,"['#카카오페이', '#제로페이']",0,0,0,0,0
디벨롭연남,4.4,14,서울 마포구 동교로38안길 24 1층 (우)03982,지번연남동 390-75,"['#데이트코스', '#분위기좋은', '#칵테일바', '#혼술', '#카카오페이', '#제로페이']",0,0,0,0,0
히세드예스,4.6,10,서울 마포구 동교로34길 21 201호 (우)03982,지번연남동 381-5,"['#깔끔한', '#일본가정식', '#혼밥', '#제로페이']",0,0,0,0,0
꼬요식당,4.5,13,서울 마포구 동교로 275-1 (우)03980,지번연남동 225-13,"['#레트로풍', '#비스트로', '#제로페이']",0,0,0,0,0
헤이죠지,4,6,서울 마포구 동교로46길 42-24 1층 (우)03982,지번연남동 383-96,"['#데이트코스', '#미국가정식', '#소개팅', '#카카오페이']",0,0,0,0,0
이억만껍데기,3.6,7,서울 마포구 동교로 255 1층 (우)03983,지번연남동 229-59,['etc'],0,0,0,0,0
해피버거데이,4.5,1,서울 마포구 동교로38길 14 (우)03982,지번연남동 390,['etc'],0,0,0,0,0
소풍김밥,3.3,9,서울 마포구 동교로 251 (우)03984,지번연남동 255-20,['#제로페이'],0,0,0,0,0
케익다방 연남점,0,0,서울 마포구 동교로51안길 13 (우)03980,지번연남동 223,"['#감성카페', '#레터링케이크', '#수제케이크', '#케이크주문제작']",0,0,0,0,0
리우,4,7,서울 마포구 동교로 271 1층 (우)03980,지번연남동 225-34,['etc'],0,0,0,0,0
시발점,4.3,4,서울 마포구 동교로38길 9 1층 (우)03982,지번연남동 390-94,"['#데이트코스', '#분위기좋은']",0,0,0,0,0
유부,4.5,6,서울 마포구 동교로 277 1층 (우)03980,지번연남동 225-12,['#제로페이'],0,0,0,0,0
연남광안리,5,1,서울 마포구 동교로 258-1 1층 (우)03982,지번연남동 228-28,['etc'],0,0,0,0,0
프롬테오커피,4.4,7,서울 마포구 동교로 227-7 (우)03989,지번연남동 373-13,"['#드로잉카페', '#보드게임카페', '#앤틱한', '#이색카페', '#제로페이']",0,0,0,0,0
서울페이스트리 연남점,4.5,12,서울 마포구 동교로41길 10 에벤에셀빌딩 1층 (우)03983,지번연남동 229-61,"['#디저트', '#연남동맛집', '#연남동카페', '#크로넛', '#크루아상']",0,0,0,0,0
빠레트,5,7,서울 마포구 동교로 273 (우)03980,지번연남동 225-33,['#제로페이'],0,0,0,0,0
미가해물탕찜,4.3,9,서울 마포구 연희로 43 (우)03981,지번연남동 226-36,['#제로페이'],0,0,0,0,0
플렘므,5,7,서울 마포구 성미산로29길 3 1층 (우)03979,지번연남동 250-4,['#카카오페이'],0,0,0,0,0
K바,5,3,서울 마포구 동교로38길 33-10 (우)03982,지번연남동 390-39,['#제로페이'],0,0,0,0,0
장농속,4,22,서울 마포구 동교로46길 22 (우)03982,지번연남동 384-10,"['#데이트코스', '#빈티지분위기', '#수제맥주', '#피맥', '#제로페이']",0,0,0,0,0
르빵드파파,3.5,11,서울 마포구 성미산로23길 46 1층 (우)03979,지번연남동 246-4,"['#브런치카페', '#빈티지분위기']",0,0,0,0,0
대승곱창,4.7,6,서울 마포구 동교로38길 4 2층 (우)03982,지번연남동 260-16,['etc'],0,0,0,0,0
단정,3.9,13,서울 마포구 동교로50길 25 1층 101호 (우)03981,지번연남동 226-26,"['#빈티지분위기', '#제로페이']",0,0,0,0,0
교촌치킨 연남점,2.7,12,서울 마포구 연남로 45 (우)03977,지번연남동 369-20,['#제로페이'],0,0,0,0,0
OB베어,2,5,서울 마포구 동교로 238-1 1층 (우)03982,지번연남동 260-29,['#제로페이'],0,0,0,0,0
오피스오브,4.8,5,서울 마포구 성미산로 107 1층 (우)03977,지번연남동 488-7,['#카카오페이'],0,0,0,0,0
연남온도,3.9,20,서울 마포구 성미산로29안길 7 (우)03980,지번연남동 241-26,"['#감성카페', '#데이트코스', '#디저트카페', '#분위기좋은', '#소개팅', '#제로페이']",0,0,0,0,0
윤달,4.6,7,서울 마포구 동교로 262-3 지하1층 (우)03982,지번연남동 387-12,"['#민속주점', '#제로페이']",0,0,0,0,0
홍정기참치,3.9,7,서울 마포구 동교로27길 47 나눔빌딩 2층 (우)03991,지번연남동 568-21,"['#동교동참치', '#마포참치', '#연남동참치', '#연트럴파크참치', '#홍대참치', '#점심식사', '#코스요리', '#혼술', '#제로페이']",0,0,0,0,0
에그써티,None,58,서울 마포구 동교로32길 19 2층 (우)03985,지번연남동 381-15,"['#데이트코스', '#점심식사']",0,0,0,0,0
비손더,4.5,15,서울 마포구 성미산로 161 1층 (우)03980,지번연남동 240-6,"['#연남동', '#와인', '#카페', '#감성카페', '#디저트카페']",0,0,0,0,0
포포야어묵,3.9,9,서울 마포구 동교로27길 82 (우)03988,지번연남동 561-2,"['#일본가정식', '#혼밥', '#제로페이']",0,0,0,0,0
이품분식 2호점,4,2,서울 마포구 성미산로 196 (우)03982,지번연남동 227-20,['etc'],0,0,0,0,0
온순간,5,8,서울 마포구 성미산로16길 3-3 1층 (우)03986,지번연남동 487-375,"['#브런치카페', '#야외카페', '#테라스가있는', '#플라워카페', '#카카오페이']",0,0,0,0,0
웬웨어와인,4,11,서울 마포구 동교로38길 27-19 (우)03982,지번연남동 390-28,"['#데이트코스', '#소개팅', '#스페인요리']",0,0,0,0,0
한란,4.6,23,서울 마포구 동교로38길 27-12 2층 (우)03982,지번연남동 390-31,"['#소개팅', '#제로페이']",0,0,0,0,0
분짜마마,2.8,5,서울 마포구 동교로46길 25 101호 (우)03982,지번연남동 385-4,"['#데이트코스', '#빈티지분위기']",0,0,0,0,0
프랭크버거 마포연남점,2.7,7,서울 마포구 동교로 259 1층 (우)03983,지번연남동 229-34,"['#가성비좋은', '#혼밥']",0,0,0,0,0
신안동장,2.8,5,서울 마포구 성미산로 98 1층 (우)03986,지번연남동 487-366,['#제로페이'],0,0,0,0,0
메리고라운드,5,6,서울 마포구 동교로50길 11 메리고라운드 (우)03981,지번연남동 224-6,"['#디자트카페', '#연남동맛집', '#연남동카페', '#홍대카페', '#홍대케이크', '#디저트카페']",0,0,0,0,0
카페밀노,5,14,서울 마포구 동교로 266-10 1층 101호 (우)03982,지번연남동 387-5,"['#카카오페이', '#제로페이']",0,0,0,0,0
연트럴다방,4.5,11,서울 마포구 동교로41길 32 1층 (우)03983,지번연남동 239-44,"['#감성카페', '#분위기좋은', '#소개팅', '#아늑한', '#제로페이']",0,0,0,0,0
샹볼뮈지니,4.5,8,서울 마포구 월드컵북로6길 49 (우)03991,지번연남동 568-51,['#혼술'],0,0,0,0,0
어나더쉐어,4.4,20,서울 마포구 동교로38안길 10 2층 (우)03982,지번연남동 390-68,"['#감성카페', '#디저트카페', '#로스팅전문', '#비스트로', '#제로페이']",0,0,0,0,0
아카사니,4.3,12,서울 마포구 동교로 278 1층 (우)03981,지번연남동 224-23,"['#비스트로', '#소개팅', '#카카오페이', '#제로페이']",0,0,0,0,0
작은마을,4.9,15,서울 마포구 연남로 72-1 (우)03976,지번연남동 361-11,['etc'],0,0,0,0,0
우라난바,0,0,서울 마포구 성미산로 151-1 1층 (우)03980,지번연남동 240-64,['#데이트코스'],0,0,0,0,0
한성축산정육점직영식당,3.1,8,서울 마포구 연남로 33 (우)03988,지번연남동 509-20,"['#정육식당', '#카카오페이', '#제로페이']",0,0,0,0,0
달세뇨,None,33,서울 마포구 연남로7길 24 2층 (우)03975,지번연남동 370-30,"['#미디어아트', '#연남동카페', '#전시공간', '#커피', '#크로플', '#갤러리카페', '#제로페이']",0,0,0,0,0
그리너 연남점,2.3,30,서울 마포구 성미산로 157 1층 (우)03980,지번연남동 240-22,"['#건강식', '#디톡스음료', '#샐러드카페', '#카카오페이']",0,0,0,0,0
