만동제과,4.3,201,서울 서대문구 연희로 32 (우)03784,지번창천동 448,['etc'],0,0,0,0,0
신촌형제갈비,2.6,116,서울 서대문구 명물1길 2 (우)03776,지번창천동 31-26,['etc'],0,0,0,0,0
부엉이돈가스 신촌점,4.0,78,서울 서대문구 연세로4길 62 (우)03777,지번창천동 5-70,"['#경양식요리', '#데이트코스', '#혼밥', '#제로페이']",0,0,0,0,0
라구식당,4.0,164,서울 서대문구 연세로 42-24 (우)03776,지번창천동 2-44,"['#데이트코스', '#제로페이']",0,0,0,0,0
더파이홀,3.8,179,서울 서대문구 연세로5나길 20 1층 (우)03789,지번창천동 57-61,"['#데이트코스', '#디저트카페', '#제로페이']",0,0,0,0,0
신촌황소곱창 신촌본점,2.2,97,서울 서대문구 연세로9길 31 1층 (우)03788,지번창천동 52-148,['etc'],0,0,0,0,0
복성각,3.3,69,서울 서대문구 명물1길 24 (우)03776,지번창천동 31-8,['#제로페이'],0,0,0,0,0
미도인 신촌,3.7,58,서울 서대문구 명물길 33 2층 (우)03776,지번창천동 45-12,"['#안심식당', '#데이트코스', '#분위기좋은', '#이국적인', '#친목모임', '#제로페이']",0,0,0,0,0
소신이쏘,3.8,116,서울 서대문구 연세로5가길 19 1층 (우)03789,지번창천동 57-39,"['#점심식사', '#카카오페이', '#제로페이']",0,0,0,0,0
카라멘야,4.1,92,서울 서대문구 연세로7안길 34-1 1층 (우)03787,지번창천동 53-97,"['#혼밥', '#혼술', '#제로페이']",0,0,0,0,0
또보겠지떡볶이집 신촌히어로점,4.2,97,서울 서대문구 연세로4길 19 2층 (우)03777,지번창천동 13-33,['#제로페이'],0,0,0,0,0
정육면체,3.6,150,서울 서대문구 연세로5다길 22-8 1층 (우)03789,지번창천동 62-18,"['#혼밥', '#제로페이']",0,0,0,0,0
고삼이 신촌점,4.4,81,서울 서대문구 연세로7안길 38 (우)03787,지번창천동 53-8,"['#혼밥', '#제로페이']",0,0,0,0,0
독수리다방,4.2,73,서울 서대문구 연세로 36 독수리빌딩 8층 (우)03776,지번창천동 31-4,"['#감성카페', '#루프탑있는', '#카카오페이', '#제로페이']",0,0,0,0,0
미스터서왕만두,4.5,91,서울 서대문구 신촌역로 16 (우)03766,지번대현동 27-20,['#제로페이'],0,0,0,0,0
클로리스 신촌점,4.1,94,서울 서대문구 연세로4길 38 (우)03777,지번창천동 13-35,"['#데이트코스', '#소개팅', '#제로페이']",0,0,0,0,0
미분당 신촌2호점,3.9,94,서울 서대문구 연세로5길 26-7 (우)03789,지번창천동 62-9,['#혼밥'],0,0,0,0,0
키친봄날,4.0,40,서울 서대문구 신촌로11길 62 (우)03787,지번창천동 53-75,"['#혼밥', '#제로페이']",0,0,0,0,0
마더린러베이글,None,140,서울 서대문구 이화여대5길 5 1층 (우)03766,지번대현동 56-23,['#제로페이'],0,0,0,0,0
여우골,3.5,101,서울 서대문구 연세로5다길 10 (우)03789,지번창천동 62-11,['#제로페이'],0,0,0,0,0
이빠네마그릴,3.9,50,서울 서대문구 연세로4길 6 2층 (우)03779,지번창천동 18-11,"['#데이트코스', '#브라질음식', '#이국적인', '#제로페이']",0,0,0,0,0
연어초밥,4.8,145,서울 서대문구 연세로2길 94 1층 3호 (우)03780,지번대현동 104-40,"['#혼밥', '#제로페이']",0,0,0,0,0
엠브로돈까스 신촌점,3.8,86,서울 서대문구 명물길 26 (우)03777,지번창천동 13-16,"['#안심식당', '#경양식요리', '#혼밥']",0,0,0,0,0
부탄츄 신촌점,3.2,107,서울 서대문구 연세로5길 26-9 (우)03789,지번창천동 62-10,"['#안심식당', '#혼밥']",0,0,0,0,0
꼬숑돈까스,3.6,122,서울 서대문구 명물1길 2 1층 (우)03776,지번창천동 31-26,['#혼밥'],0,0,0,0,0
신촌수제비,3.4,68,서울 서대문구 신촌로 87-8 1층 (우)03789,지번창천동 30-10,"['#노포', '#혼밥']",0,0,0,0,0
타코몽,4.5,65,서울 서대문구 신촌로 49 (우)03786,지번창천동 112-14,['#제로페이'],0,0,0,0,0
역전할머니맥주 서울신촌점,2.7,36,서울 서대문구 연세로7길 25 (우)03789,지번창천동 57-20,['etc'],0,0,0,0,0
한림돈가,3.7,32,서울 서대문구 연세로7안길 16-4 (우)03788,지번창천동 52-124,"['#데이트코스', '#카카오페이', '#제로페이']",0,0,0,0,0
야바이,2.9,70,서울 서대문구 연세로7안길 37 지하1층 (우)03787,지번창천동 53-20,"['#데이트코스', '#소개팅']",0,0,0,0,0
그릭데이 이대점,3.7,56,서울 서대문구 신촌역로 22-8 1층 (우)03766,지번대현동 27-33,"['#카카오페이', '#제로페이']",0,0,0,0,0
신촌해물칼국수,4.2,57,서울 서대문구 신촌로 125 2층 (우)03780,지번창천동 20-99,"['#데이트코스', '#제로페이']",0,0,0,0,0
기꾸스시,3.6,74,서울 서대문구 연세로5다길 35 (우)03787,지번창천동 72-23,"['#점심식사', '#점심특선', '#혼밥', '#카카오페이', '#제로페이']",0,0,0,0,0
호밀밭,4.2,89,서울 서대문구 신촌역로 43 (우)03777,지번창천동 4-77,"['#카카오페이', '#제로페이']",0,0,0,0,0
정통집,2.7,46,서울 서대문구 연세로9길 7 1층 (우)03788,지번창천동 33-17,['etc'],0,0,0,0,0
타코벨 신촌점,3.2,45,서울 서대문구 연세로 26-1 (우)03776,지번창천동 31-28,"['#혼밥', '#카카오페이']",0,0,0,0,0
금별맥주,4.1,23,서울 서대문구 연세로11길 14 (우)03788,지번창천동 52-158,"['#데이트코스', '#레트로풍', '#소개팅', '#앤틱한', '#피맥', '#카카오페이', '#제로페이']",0,0,0,0,0
아웃백스테이크하우스 신촌점,4.1,72,서울 서대문구 연세로12길 33 (우)03776,지번창천동 2-6,"['#안심식당', '#카카오페이']",0,0,0,0,0
가장맛있는곱창 부추곱창 신촌점,3.7,49,서울 서대문구 연세로5가길 29 (우)03789,지번창천동 57-16,['#제로페이'],0,0,0,0,0
가례원,3.6,10,서울 서대문구 연세로5다길 12 (우)03789,지번창천동 62-13,"['#노포', '#제로페이']",0,0,0,0,0
술익는마을,3.4,19,서울 서대문구 연세로7길 22 (우)03788,지번창천동 52-66,"['#낮술하기좋은', '#데이트코스', '#민속주점', '#분위기좋은', '#제로페이']",0,0,0,0,0
군자대한곱창 신촌점,3.8,31,"서울 서대문구 연세로5나길 8 1,2층 (우)03789",지번창천동 57-23,"['#안심식당', '#제로페이']",0,0,0,0,0
춘천집닭갈비막국수,3.1,31,서울 서대문구 연세로5가길 1 (우)03789,지번창천동 57-8,"['#데이트코스', '#제로페이']",0,0,0,0,0
현명식탁,4.0,40,서울 서대문구 명물길 32 5층 (우)03777,지번창천동 13-2,"['#안심식당', '#데이트코스', '#소개팅', '#점심식사', '#친목모임', '#캐주얼한분위기', '#회식장소', '#제로페이']",0,0,0,0,0
유닭스토리 신촌점,3.4,37,서울 서대문구 연세로4길 7 1층 (우)03777,지번창천동 18-72,"['#안심식당', '#데이트코스', '#점심식사', '#친목모임', '#혼밥', '#회식장소', '#제로페이']",0,0,0,0,0
식탁 하늬솔점,2.7,22,서울 서대문구 성산로 527 하늬솔빌딩 1층 (우)03721,지번대신동 85-1,"['#데이트코스', '#친목모임', '#회식장소']",0,0,0,0,0
비밀,4.2,49,서울 서대문구 이화여대7길 48 경국빌딩 1층 101호 (우)03766,지번대현동 27-46,"['#비건베이커리', '#비건푸드', '#제로페이']",0,0,0,0,0
롤링파스타 신촌점,2.6,37,서울 서대문구 명물길 10 (우)03777,지번창천동 18-1,"['#안심식당', '#보드게임카페', '#혼밥', '#제로페이']",0,0,0,0,0
보승회관 신촌점,2.2,36,서울 서대문구 연세로5길 26 (우)03789,지번창천동 62-1,"['#혼밥', '#제로페이']",0,0,0,0,0
란주탕슉,3.2,83,서울 서대문구 이화여대2가길 18 (우)03767,지번대현동 53-20,['#제로페이'],0,0,0,0,0
포석정,4.0,29,서울 서대문구 연세로11길 25 (우)03788,지번창천동 52-157,['#제로페이'],0,0,0,0,0
와플잇업 이대2호점,4.3,55,서울 서대문구 이화여대3길 42-19 (우)03766,지번대현동 27-17,"['#데이트코스', '#와플카페']",0,0,0,0,0
연대포,3.8,20,서울 서대문구 연세로7길 26 (우)03788,지번창천동 52-71,"['#민속주점', '#카카오페이', '#제로페이']",0,0,0,0,0
방탈출 룸익스케이프 화이트점,4.6,19,서울 서대문구 명물길 66 2층 (우)03777,지번창천동 5-21,"['#데이트코스', '#방탈출카페']",0,0,0,0,0
고냉지,4.0,42,서울 서대문구 연세로2마길 30 (우)03777,지번대현동 110-15,"['#혼밥', '#제로페이']",0,0,0,0,0
코다차야 신촌점,2.9,18,서울 서대문구 명물길 32 준성빌딩 지하1층 (우)03777,지번창천동 13-2,['#보드게임카페'],0,0,0,0,0
마녀주방 신촌점,4.2,58,서울 서대문구 명물길 21 지하1층 (우)03776,지번창천동 41-14,"['#안심식당', '#데이트코스', '#소개팅', '#제로페이']",0,0,0,0,0
연희김밥 신촌점,4.4,37,서울 서대문구 신촌로 61-1 1층 (우)03787,지번창천동 72-27,['etc'],0,0,0,0,0
원앤온리커피,4.3,11,서울 서대문구 이화여대7길 31-4 1층 (우)03766,지번대현동 37-7,['#감성카페'],0,0,0,0,0
에이투지카페,3.7,44,서울 서대문구 연세로4길 29 (우)03777,지번창천동 13-14,"['#데이트코스', '#분위기좋은', '#빈티지분위기', '#제로페이']",0,0,0,0,0
위샐러듀 이대점,4.7,138,서울 서대문구 이화여대길 52-31 1층 (우)03765,지번대현동 34-23,"['#데이트코스', '#디톡스음료', '#비건푸드', '#지중해요리', '#혼밥', '#카카오페이', '#제로페이']",0,0,0,0,0
타코로코,4.2,68,서울 서대문구 연세로7안길 37 1층 (우)03787,지번창천동 53-20,"['#멕시코요리', '#이국적인', '#제로페이']",0,0,0,0,0
신촌영양센터,3.1,9,서울 서대문구 연세로4길 34 (우)03777,지번창천동 13-37,"['#안심식당', '#노포', '#레트로풍', '#혼밥', '#회식장소', '#제로페이']",0,0,0,0,0
베어스덴,3.9,17,"서울 서대문구 연희로4길 10 1,2층 (우)03784",지번창천동 441,"['#데이트코스', '#브런치카페', '#점심식사', '#제로페이']",0,0,0,0,0
웅네서서갈비,2.9,9,서울 서대문구 신촌역로 13-1 (우)03780,지번대현동 110-25,"['#안심식당', '#친목모임', '#회식장소', '#제로페이']",0,0,0,0,0
설레임삼겹살1989,4.2,19,서울 서대문구 연세로5가길 31 (우)03789,지번창천동 57-40,"['#친목모임', '#회식장소']",0,0,0,0,0
레드버튼 신촌점,4.7,15,서울 서대문구 연세로 8 3층 (우)03779,지번창천동 18-31,['#보드게임카페'],0,0,0,0,0
소문난집,3.7,9,서울 서대문구 연세로7길 38 (우)03787,지번창천동 53-15,"['#친목모임', '#회식장소', '#제로페이']",0,0,0,0,0
청담동포장마차,4.4,13,서울 서대문구 연세로4길 25 (우)03777,지번창천동 13-24,"['#단체예약', '#친목모임', '#회식장소', '#제로페이']",0,0,0,0,0
난향,3.4,14,서울 서대문구 신촌로 67 거촌빌딩 지하1층 (우)03787,지번창천동 72-21,"['#안심식당', '#상견례', '#점심식사', '#친목모임', '#코스요리', '#제로페이']",0,0,0,0,0
스타벅스 신촌점,4.2,37,서울 서대문구 연세로 10-1 즐거운빌딩 1~3층 (우)03779,지번창천동 18-55,['#카카오페이'],0,0,0,0,0
완차이 (임시휴업중),4.0,52,서울 서대문구 명물길 50-7 (우)03777,지번창천동 5-35,['#제로페이'],0,0,0,0,0
미네르바,4.7,24,서울 서대문구 명물길 18 2층 (우)03777,지번창천동 13-26,"['#레트로풍', '#로스팅전문', '#핸드드립전문점', '#제로페이']",0,0,0,0,0
유야케도쿄,4.3,39,서울 서대문구 이화여대3길 28 1층 101호 (우)03766,지번대현동 37-31,['#혼밥'],0,0,0,0,0
고기창고 신촌점,3.4,23,서울 서대문구 연세로7길 34-4 (우)03788,지번창천동 52-78,"['#안심식당', '#점심식사', '#점심특선', '#친목모임', '#혼밥', '#회식장소', '#카카오페이', '#제로페이']",0,0,0,0,0
김판석초밥,3.8,30,서울 서대문구 연세로9길 37 102호 (우)03787,지번창천동 53-3,"['#데이트코스', '#소개팅', '#혼밥', '#제로페이']",0,0,0,0,0
가화만사성,2.6,40,서울 서대문구 연세로5가길 1 2층 (우)03789,지번창천동 57-8,"['#안심식당', '#친목모임', '#혼밥', '#회식장소', '#제로페이']",0,0,0,0,0
가야가야 이대점,2.5,72,서울 서대문구 이화여대5길 7-3 (우)03766,지번대현동 56-21,['#혼밥'],0,0,0,0,0
소담식당,4.0,43,서울 서대문구 연세로4길 21 (우)03777,지번창천동 13-83,"['#데이트코스', '#소개팅', '#제로페이']",0,0,0,0,0
투썸플레이스 신촌점,3.4,57,서울 서대문구 신촌로 93 1층 (우)03789,지번창천동 30-8,['#카카오페이'],0,0,0,0,0
명성양꼬치 본점,4.3,8,서울 서대문구 연세로4길 33 1층 (우)03777,지번창천동 13-13,['#제로페이'],0,0,0,0,0
스타벅스 이대R점,3.5,30,서울 서대문구 이화여대길 34 (우)03767,지번대현동 54-4,['#카카오페이'],0,0,0,0,0
유자유김치떡볶이 신촌점,4.1,19,서울 서대문구 연세로11길 22 (우)03788,지번창천동 52-156,"['#낮술하기좋은', '#데이트코스', '#혼밥', '#제로페이']",0,0,0,0,0
가마마루이,4.0,83,서울 서대문구 성산로22길 4 (우)03727,지번창천동 91-6,['#제로페이'],0,0,0,0,0
맥도날드 연세대점,2.7,44,서울 서대문구 연세로 33 (우)03788,지번창천동 33-12,['etc'],0,0,0,0,0
스탠바이키친,4.6,50,서울 서대문구 연대동문길 49 (우)03721,지번대신동 91-15,['#제로페이'],0,0,0,0,0
뉴타운,4.1,23,서울 서대문구 연세로12길 27 1층 (우)03776,지번창천동 2-7,"['#데이트코스', '#보드게임카페', '#수제맥주', '#피맥', '#제로페이']",0,0,0,0,0
방콕익스프레스 신촌본점,3.2,62,서울 서대문구 연세로2길 91 (우)03778,지번대현동 104-25,['#제로페이'],0,0,0,0,0
무사시,4.3,40,서울 서대문구 신촌로 125 (우)03780,지번창천동 20-99,"['#안심식당', '#혼밥', '#제로페이']",0,0,0,0,0
설빙 신촌점,3.7,44,서울 서대문구 연세로 23 2층 (우)03788,지번창천동 33-43,"['#한식디저트카페', '#카카오페이', '#제로페이']",0,0,0,0,0
아건 이대점,4.5,54,서울 서대문구 이화여대길 63 2층 (우)03766,지번대현동 56-51,"['#데이트코스', '#이국적인', '#할랄푸드', '#제로페이']",0,0,0,0,0
라화쿵부 신촌점,2.3,40,서울 서대문구 연세로11길 8 (우)03788,지번창천동 52-5,"['#혼밥', '#제로페이']",0,0,0,0,0
홍대개미 신촌점,2.5,49,서울 서대문구 연세로 18 2층 (우)03777,지번창천동 18-9,"['#혼밥', '#제로페이']",0,0,0,0,0
꽃피다이화다방,4.4,25,서울 서대문구 이화여대길 75 (우)03766,지번대현동 37-1,"['#북카페', '#스터디카페', '#혼밥', '#회식장소', '#제로페이']",0,0,0,0,0
메종드시크릿 방탈출카페,3.8,9,서울 서대문구 연세로 30 창천빌딩 4층 (우)03776,지번창천동 31-20,['#방탈출카페'],0,0,0,0,0
조선의육개장칼국수 신촌점,3.5,20,서울 서대문구 연세로5나길 20 지하 1층 (우)03789,지번창천동 57-61,"['#혼밥', '#카카오페이']",0,0,0,0,0
벤치커피스튜디오,4.6,35,서울 서대문구 연세로2마길 14 2층 (우)03780,지번대현동 104-18,"['#감성카페', '#핸드드립전문점', '#제로페이']",0,0,0,0,0
효동각 본점,3.1,31,서울 서대문구 연대동문길 24 (우)03721,지번대신동 50-2,"['#건강식', '#제로페이']",0,0,0,0,0
스떼이끄300,3.4,38,서울 서대문구 명물1길 28 1층 (우)03776,지번창천동 31-7,"['#혼밥', '#제로페이']",0,0,0,0,0
공복식당,3.5,66,서울 서대문구 연세로12길 23 1층 (우)03776,지번창천동 2-2,"['#친목모임', '#회식장소', '#제로페이']",0,0,0,0,0
돈불1971 신촌직영점,4.1,22,서울 서대문구 연세로5다길 36 (우)03787,지번창천동 62-37,"['#점심특선', '#친목모임', '#제로페이']",0,0,0,0,0
구이마을,4.0,62,서울 서대문구 연세로5가길 32 (우)03789,지번창천동 57-6,"['#안심식당', '#삼겹살무한리필', '#친목모임', '#회식장소', '#제로페이']",0,0,0,0,0
카츠미 신촌점,3.3,25,서울 서대문구 연세로7안길 2 2층 (우)03788,지번창천동 33-47,"['#데이트코스', '#제로페이']",0,0,0,0,0
아웃닭 신촌역점,2.7,26,서울 서대문구 연세로4길 19 1층 (우)03777,지번창천동 13-33,['#제로페이'],0,0,0,0,0
버거킹 신촌1점,2.9,40,서울 서대문구 신촌로 121 1층 (우)03780,지번창천동 20-41,['etc'],0,0,0,0,0
구씨네부엌,4.3,23,서울 서대문구 신촌로 9 (우)03785,지번창천동 508-2,"['#데이트코스', '#소개팅', '#혼밥', '#제로페이']",0,0,0,0,0
삼미식당 신촌점,3.6,12,서울 서대문구 연세로7길 29 1층 (우)03789,지번창천동 57-37,"['#데이트코스', '#레트로풍', '#친목모임', '#회식장소', '#제로페이']",0,0,0,0,0
신촌간이회집,3.7,12,서울 서대문구 연세로5다길 22 (우)03789,지번창천동 62-60,"['#카카오페이', '#제로페이']",0,0,0,0,0
신촌돈부리모노,3.0,53,서울 서대문구 연세로4길 46 (우)03777,지번창천동 5-95,"['#데이트코스', '#소개팅', '#일본가정식', '#혼밥', '#제로페이']",0,0,0,0,0
화로상회 신촌점,4.5,20,서울 서대문구 명물길 62 1층 (우)03777,지번창천동 5-24,"['#안심식당', '#제로페이']",0,0,0,0,0
제주도로담,4.4,18,서울 서대문구 연세로2마길 14 (우)03780,지번대현동 104-18,"['#회식장소', '#제로페이']",0,0,0,0,0
천진분식,4.8,32,서울 서대문구 이화여대5길 7 (우)03766,지번대현동 56-24,"['#혼밥', '#제로페이']",0,0,0,0,0
양궁카페 로빈훗 신촌점,5.0,209,서울 서대문구 명물길 32 준성빌딩 4층 (우)03777,지번창천동 13-2,"['#데이트코스', '#양궁', '#이색데이트', '#이색카페']",0,0,0,0,0
최루탄해장라면 훼드라,2.9,16,서울 서대문구 연세로5길 32 1층 (우)03789,지번창천동 62-4,"['#가맥', '#노포']",0,0,0,0,0
너스레,4.5,18,서울 서대문구 이화여대7길 22 2층 (우)03766,지번대현동 37-2,['#제로페이'],0,0,0,0,0
영미김밥,4.4,48,서울 서대문구 신촌역로 21 1층 (우)03777,지번대현동 110-7,"['#비건푸드', '#혼밥', '#제로페이']",0,0,0,0,0
보스,3.0,12,서울 서대문구 연세로7길 25 2층 (우)03789,지번창천동 57-20,"['#다트', '#데이트코스', '#친목모임', '#제로페이']",0,0,0,0,0
동네아저씨 신촌점,4.1,10,서울 서대문구 연세로7길 27 (우)03789,지번창천동 57-5,['#가성비좋은'],0,0,0,0,0
에그앤드스푼레이스,3.8,21,서울 서대문구 이화여대길 26 이화빌딩 1층 (우)03767,지번대현동 54-9,"['#데이트코스', '#브런치카페', '#소개팅', '#혼밥', '#제로페이']",0,0,0,0,0
길상양꼬치,4.5,29,서울 서대문구 연세로5가길 17 2층 (우)03789,지번창천동 57-34,['#제로페이'],0,0,0,0,0
김광석신촌칼국수 이대직영점,3.7,23,서울 서대문구 명물길 70 1층 (우)03777,지번창천동 5-11,"['#안심식당', '#혼밥', '#제로페이']",0,0,0,0,0
담산 신촌본점,4.8,27,서울 서대문구 연세로5다길 5 1층 (우)03789,지번창천동 72-5,['etc'],0,0,0,0,0
닥터로빈 이대점,4.4,8,서울 서대문구 이화여대길 52 이화여대캠퍼스 ECC 지하 4층 (우)03760,지번대현동 11-1,['etc'],0,0,0,0,0
다성일식,3.6,12,서울 서대문구 신촌로11길 6 (우)03787,지번창천동 72-36,"['#데이트코스', '#친목모임', '#코스요리', '#회식장소', '#제로페이']",0,0,0,0,0
돌아온김삿갓 신촌점,4.3,16,서울 서대문구 연세로7안길 4 (우)03788,지번창천동 33-55,"['#친목모임', '#제로페이']",0,0,0,0,0
포차천국 신촌점,3.6,9,서울 서대문구 연세로7안길 19 (우)03788,지번창천동 52-63,['#제로페이'],0,0,0,0,0
신촌양꼬치,3.8,4,서울 서대문구 연세로9길 22 (우)03788,지번창천동 52-32,"['#안심식당', '#친목모임', '#회식장소', '#제로페이']",0,0,0,0,0
배바위양곱창,4.4,48,서울 서대문구 연세로7안길 42 유림빌딩 1층 (우)03787,지번창천동 53-91,['#제로페이'],0,0,0,0,0
티앙팡 오후에 홍차 1호점,3.9,39,"서울 서대문구 이화여대길 34 1,2층 (우)03767",지번대현동 54-4,"['#앤틱한', '#제로페이']",0,0,0,0,0
라멘81번옥 신촌점,None,12,서울 서대문구 신촌역로 16 (우)03766,지번대현동 27-20,"['#안심식당', '#데이트코스', '#혼밥', '#제로페이']",0,0,0,0,0
김덕후의곱창조 신촌점,3.7,22,서울 서대문구 연세로7안길 18 (우)03788,지번창천동 52-94,['#제로페이'],0,0,0,0,0
리히트케이크,3.9,28,서울 서대문구 연희로4길 10 이구삼동베이커리 반지하 (우)03784,지번창천동 441,['#수제케이크'],0,0,0,0,0
어사출또 신촌점,2.7,9,서울 서대문구 연세로5가길 21 (우)03789,지번창천동 57-33,['#안심식당'],0,0,0,0,0
칼,4.3,35,서울 서대문구 연세로4길 42-3 (우)03777,지번창천동 5-96,"['#데이트코스', '#분위기좋은', '#소개팅', '#제로페이']",0,0,0,0,0
천궁전마라탕,3.1,30,서울 서대문구 연세로5가길 3 2층 (우)03789,지번창천동 57-7,['#혼밥'],0,0,0,0,0
디델리 이대점,3.9,21,서울 서대문구 이화여대7길 16 2층 (우)03766,지번대현동 56-68,"['#안심식당', '#제로페이']",0,0,0,0,0
스타벅스 신촌명물거리점,4.1,23,서울 서대문구 명물길 24 1~5층 (우)03777,지번창천동 13-19,['#카카오페이'],0,0,0,0,0
라플로레종,3.3,19,서울 서대문구 연세로12길 37-3 2층 (우)03776,지번창천동 2-37,"['#디저트카페', '#레터링케이크', '#수제케이크', '#케이크주문제작', '#제로페이']",0,0,0,0,0
솔리드웍스아이스크림,4.5,26,서울 서대문구 이화여대길 88-3 1층 (우)03765,지번대현동 142-17,['#제로페이'],0,0,0,0,0
진미오향족발,4.2,10,서울 서대문구 연세로5나길 18 (우)03789,지번창천동 57-14,"['#점심식사', '#회식장소', '#제로페이']",0,0,0,0,0
삭 이대본점,3.7,46,서울 서대문구 이화여대3길 12 1층 (우)03766,지번대현동 56-33,['#제로페이'],0,0,0,0,0
머노까머나 신촌점,3.7,28,서울 서대문구 연세로11길 13 2층 (우)03788,지번창천동 52-25,"['#이국적인', '#제로페이']",0,0,0,0,0
지오짱생조개구이,4.8,15,서울 서대문구 연세로5가길 15 1층 (우)03789,지번창천동 57-19,"['#친목모임', '#제로페이']",0,0,0,0,0
비아37,3.5,20,서울 서대문구 이화여대길 77-1 (우)03766,지번대현동 37-36,"['#뇨끼맛집', '#분위기좋은', '#생면파스타', '#신촌맛집', '#이대맛집', '#데이트코스', '#소개팅', '#코스요리', '#제로페이']",0,0,0,0,0
아저씨네낙지찜 신촌점,3.8,17,서울 서대문구 연세로5다길 39 (우)03787,지번창천동 72-29,"['#안심식당', '#노포', '#혼밥', '#제로페이']",0,0,0,0,0
가미분식,3.1,14,"서울 서대문구 이화여대8길 2 301-나,302호 (우)03767",지번대현동 54-1,['etc'],0,0,0,0,0
고피자 신촌1호점,3.7,15,서울 서대문구 신촌로 139-1 (우)03780,지번대현동 104-58,"['#안심식당', '#1인피자', '#데이트코스', '#혼밥', '#카카오페이', '#제로페이']",0,0,0,0,0
김덕후의차돌조 신촌점,3.7,10,서울 서대문구 연세로5가길 20 1층 (우)03789,지번창천동 57-55,"['#데이트코스', '#점심식사', '#점심특선', '#친목모임', '#한우무한리필', '#회식장소', '#카카오페이', '#제로페이']",0,0,0,0,0
연남닭발,4.0,17,서울 서대문구 연희로 34 (우)03784,지번창천동 444-1,"['#안심식당', '#제로페이']",0,0,0,0,0
이찌방이야기,3.6,5,서울 서대문구 연세로7길 18 1층 (우)03788,지번창천동 52-59,['etc'],0,0,0,0,0
타이완소야 진진 신촌본점,4.6,27,서울 서대문구 연세로7길 27 (우)03789,지번창천동 57-5,"['#혼밥', '#제로페이']",0,0,0,0,0
포티드,4.0,50,서울 서대문구 명물길 36-3 1층 (우)03777,지번창천동 5-58,"['#감성카페', '#데이트코스', '#디저트카페', '#분위기좋은', '#소개팅', '#이색카페', '#제로페이']",0,0,0,0,0
라임,4.1,34,서울 서대문구 연세로4길 41 2층 (우)03777,지번창천동 13-4,"['#데이트코스', '#소개팅', '#혼밥', '#제로페이']",0,0,0,0,0
마라탕 이대6호점,3.9,24,서울 서대문구 신촌역로 23 2층 (우)03777,지번대현동 110-5,"['#혼밥', '#제로페이']",0,0,0,0,0
돈까스대왕전,3.2,31,서울 서대문구 신촌로 155 해암빌딩 1층 (우)03766,지번대현동 101-17,['#혼밥'],0,0,0,0,0
하나,4.1,21,서울 서대문구 연세로7안길 46 1층 (우)03787,지번창천동 53-88,"['#데이트코스', '#카카오페이', '#제로페이']",0,0,0,0,0
히우카우,3.7,25,서울 서대문구 연세로4길 61 1층 (우)03777,지번창천동 5-32,"['#혼밥', '#제로페이']",0,0,0,0,0
주막,3.8,12,서울 서대문구 신촌로 17 동우빌딩 1층 (우)03785,지번창천동 503-13,"['#혼밥', '#제로페이']",0,0,0,0,0
더도이축산직영점 신촌본점,4.5,23,서울 서대문구 연세로7길 24 1층 (우)03788,지번창천동 52-67,"['#정육식당', '#회식장소', '#제로페이']",0,0,0,0,0
아마,4.4,58,서울 서대문구 연세로7길 24 2층 (우)03788,지번창천동 52-67,"['#데이트코스', '#이국적인', '#제로페이']",0,0,0,0,0
공릉닭한마리,3.5,30,서울 서대문구 연세로2길 77 (우)03778,지번대현동 104-69,"['#안심식당', '#제로페이']",0,0,0,0,0
뉴욕비앤씨 신촌점,3.8,19,서울 서대문구 연세로12길 39 (우)03776,지번창천동 2-77,"['#비건푸드', '#수제맥주', '#이국적인', '#제로페이']",0,0,0,0,0
아웃닭 이대점,4.2,24,서울 서대문구 이화여대5길 16 (우)03766,지번대현동 56-141,['etc'],0,0,0,0,0
스타벅스 연대동문점,3.8,5,서울 서대문구 성산로 565 연세재단 Y빌딩 (우)03721,지번대신동 115,['#카카오페이'],0,0,0,0,0
육회본가 신촌점,4.0,14,서울 서대문구 연세로9길 23 1층 (우)03788,지번창천동 52-45,['#제로페이'],0,0,0,0,0
1987피자,4.3,27,서울 서대문구 연세로11길 26 지하1층 (우)03788,지번창천동 52-12,"['#데이트코스', '#빈티지분위기', '#피맥']",0,0,0,0,0
코지라운지,4.4,18,서울 서대문구 연세로7안길 10-5 2층 (우)03788,지번창천동 52-85,"['#라운지펍', '#분위기좋은', '#칵테일바', '#혼술', '#제로페이']",0,0,0,0,0
포히엔베트남쌀국수 이대점,4.8,36,서울 서대문구 이화여대3길 2 (우)03766,지번대현동 56-14,"['#혼밥', '#제로페이']",0,0,0,0,0
대현매운족발 본점,4.4,16,서울 서대문구 연세로2길 95 1층 (우)03778,지번대현동 104-25,"['#안심식당', '#친목모임', '#혼밥', '#회식장소', '#제로페이']",0,0,0,0,0
파파노다이닝,3.3,38,서울 서대문구 이화여대길 88-14 (우)03765,지번대현동 34-51,"['#안심식당', '#일본가정식', '#혼밥', '#제로페이']",0,0,0,0,0
오렌지 신촌점,2.6,5,서울 서대문구 명물길 37 (우)03776,지번창천동 45-1,"['#룸술집', '#분위기좋은']",0,0,0,0,0
투고샐러드 신촌점,4.0,21,서울 서대문구 연세로12길 30 1층 (우)03776,지번창천동 2-21,"['#혼밥', '#카카오페이', '#제로페이']",0,0,0,0,0
청년국수,3.4,34,서울 서대문구 연세로12길 23 (우)03776,지번창천동 2-2,"['#혼밥', '#제로페이']",0,0,0,0,0
청년밥상문간 이화여자대학교점,5.0,16,서울 서대문구 이화여대길 79 성안나센터빌딩 3층 (우)03766,지번대현동 37-38,"['#혼밥', '#제로페이']",0,0,0,0,0
삼호복집 신촌점,3.2,13,서울 서대문구 연세로5다길 10 삼호빌딩 2층 (우)03789,지번창천동 62-11,"['#친목모임', '#코스요리', '#제로페이']",0,0,0,0,0
파스타리코 신촌직영점,3.5,20,서울 서대문구 신촌역로 23 (우)03777,지번대현동 110-5,"['#데이트코스', '#혼밥', '#제로페이']",0,0,0,0,0
도토리칼국수,4.6,68,서울 서대문구 명물길 27-19 (우)03776,지번창천동 46-4,"['#안심식당', '#가성비좋은', '#비건푸드', '#점심식사', '#혼밥', '#제로페이']",0,0,0,0,0
낭만식탁,4.3,23,서울 서대문구 이화여대5길 6 1층 (우)03766,지번대현동 56-110,"['#일본가정식', '#혼밥']",0,0,0,0,0
바프로,2.0,19,서울 서대문구 연세로7안길 10-7 (우)03788,지번창천동 52-84,"['#다트', '#데이트코스', '#라운지펍', '#루프탑있는', '#분위기좋은', '#칵테일바', '#회식장소']",0,0,0,0,0
호탕마라탕 신촌점,2.9,41,"서울 서대문구 연세로7안길 14 2,3층 (우)03788",지번창천동 52-123,"['#비건푸드', '#점심식사', '#혼밥', '#제로페이']",0,0,0,0,0
파파,4.1,13,서울 서대문구 연세로5길 28 (우)03789,지번창천동 62-2,['etc'],0,0,0,0,0
신촌 오빠네옛날떡볶이,2.7,32,서울 서대문구 연세로5다길 22-7 (우)03787,지번창천동 62-21,['etc'],0,0,0,0,0
개미집 신촌점,3.1,18,서울 서대문구 연세로11길 15 1층 (우)03788,지번창천동 52-26,"['#안심식당', '#제로페이']",0,0,0,0,0
막걸리싸롱 신촌점,3.8,22,서울 서대문구 연세로11길 10 지하 (우)03788,지번창천동 52-8,"['#고즈넉한', '#데이트코스', '#분위기좋은', '#소개팅', '#친목모임', '#회식장소', '#제로페이']",0,0,0,0,0
불타는황소곱창 신촌점,4.2,15,서울 서대문구 연세로7안길 10-3 (우)03788,지번창천동 52-43,['#제로페이'],0,0,0,0,0
신촌카우키,4.3,14,서울 서대문구 연세로9길 37 1층 (우)03787,지번창천동 53-3,"['#데이트코스', '#제로페이']",0,0,0,0,0
이름없는파스타 이화여대점,3.7,23,서울 서대문구 이화여대7길 14 (우)03766,지번대현동 56-57,"['#혼밥', '#제로페이']",0,0,0,0,0
배스킨라빈스 CAFE31신촌점,3.6,13,서울 서대문구 명물길 38 (우)03777,지번창천동 5-55,"['#데이트코스', '#카카오페이', '#제로페이']",0,0,0,0,0
기꾸스시,3.5,39,서울 서대문구 연세로5길 26-17 (우)03789,지번창천동 62-15,['etc'],0,0,0,0,0
텐동미세기,3.3,30,서울 서대문구 연세로13길 7 한성빌딩 1층 (우)03788,지번창천동 78-19,"['#혼밥', '#제로페이']",0,0,0,0,0
명륜진사갈비 서울신촌점,1.9,30,서울 서대문구 명물길 63 (우)03776,지번창천동 9-22,"['#친목모임', '#회식장소', '#제로페이']",0,0,0,0,0
대구삼겹살,2.8,16,서울 서대문구 명물길 18 1층 (우)03777,지번창천동 13-26,"['#안심식당', '#노포', '#제로페이']",0,0,0,0,0
판자집,4.3,10,서울 서대문구 연세로2길 29 1층 (우)03779,지번창천동 29-18,"['#노포', '#제로페이']",0,0,0,0,0
까이식당,4.6,62,서울 서대문구 이화여대2가길 24 (우)03767,지번대현동 53-15,['#혼밥'],0,0,0,0,0
제주돈1848,4.4,10,서울 서대문구 명물길 27-7 (우)03776,지번창천동 50-8,"['#친목모임', '#혼밥', '#회식장소', '#제로페이']",0,0,0,0,0
커피빈 신촌점,4.1,9,서울 서대문구 연세로 8-1 지하 1층 (우)03779,지번창천동 18-26,['#카카오페이'],0,0,0,0,0
셀리스도넛,3.7,39,서울 서대문구 연세로7안길 1 1층 (우)03788,지번창천동 52-49,['#제로페이'],0,0,0,0,0
고래고래회해산물포차 신촌점,2.2,13,서울 서대문구 연세로9길 25 (우)03788,지번창천동 52-46,"['#해물포차', '#제로페이']",0,0,0,0,0
책다방 위숨,3.8,21,"서울 서대문구 연세로9길 34-1 2,3층 (우)03787",지번창천동 53-82,"['#북카페', '#스터디카페', '#제로페이']",0,0,0,0,0
착한곱창,4.7,23,서울 서대문구 연세로9길 19 (우)03788,지번창천동 52-44,['etc'],0,0,0,0,0
춘천집닭갈비 본사직영철판구이,3.6,17,서울 서대문구 연세로5가길 8 (우)03789,지번창천동 31-51,"['#점심식사', '#제로페이']",0,0,0,0,0
카페 코지,4.1,24,서울 서대문구 이화여대길 88-19 (우)03765,지번대현동 34-44,"['#일본가정식', '#혼밥', '#제로페이']",0,0,0,0,0
내사랑,3.5,17,서울 서대문구 이화여대2길 37 (우)03767,지번대현동 67-80,"['#디저트카페', '#제로페이']",0,0,0,0,0
피자보이시나 신촌점,4.9,10,서울 서대문구 명물길 36-7 (우)03777,지번창천동 5-63,"['#피맥', '#제로페이']",0,0,0,0,0
스타벅스 연세종합관점,3.0,12,서울 서대문구 연세로 50-1 (우)03722,지번대신동 5,['#카카오페이'],0,0,0,0,0
소바연구소,3.5,33,서울 서대문구 명물길 50-9 (우)03777,지번창천동 5-30,['#혼밥'],0,0,0,0,0
벽제갈비 신촌점,3.5,17,서울 서대문구 명물길 22 2층 (우)03777,지번창천동 13-20,['#안심식당'],0,0,0,0,0
구이마을 2호점,4.2,54,서울 서대문구 연세로7안길 10 (우)03788,지번창천동 33-25,"['#안심식당', '#삼겹살무한리필', '#친목모임', '#회식장소', '#제로페이']",0,0,0,0,0
KFC 신촌역점,2.4,19,서울 서대문구 신촌로 79 (우)03789,지번창천동 72-2,"['#카카오페이', '#제로페이']",0,0,0,0,0
스시가마시,3.6,17,서울 서대문구 신촌역로 17 (우)03780,지번대현동 110-20,"['#안심식당', '#점심식사', '#점심특선', '#혼밥', '#제로페이']",0,0,0,0,0
하늘초밥,None,34,서울 서대문구 이화여대2길 14 1층 (우)03767,지번대현동 45-17,"['#스시', '#신촌', '#이대맛집', '#초밥', '#포장', '#제로페이']",0,0,0,0,0
문베어,4.5,23,서울 서대문구 명물길 66 1층 (우)03777,지번창천동 5-21,['#스터디카페'],0,0,0,0,0
커피스미스 신촌연대점,2.3,15,서울 서대문구 연세로 22 2~4층 (우)03776,지번창천동 9-21,"['#카카오페이', '#제로페이']",0,0,0,0,0
최완식참치,2.3,3,서울 서대문구 연세로5나길 6 (우)03789,지번창천동 57-9,"['#데이트코스', '#참치무한리필', '#친목모임', '#회식장소']",0,0,0,0,0
헬로케이크,4.0,2,서울 서대문구 이화여대1길 34 1층 (우)03766,지번대현동 90-50,"['#레터링케이크', '#베이커리카페', '#케이크주문제작', '#제로페이']",0,0,0,0,0
황소야 신촌점,3.4,21,서울 서대문구 연세로5가길 13 1층 (우)03789,지번창천동 57-64,"['#데이트코스', '#친목모임', '#회식장소']",0,0,0,0,0
세아마라탕,3.0,23,"서울 서대문구 이화여대길 16 2, 3층 (우)03767",지번대현동 54-18,"['#안심식당', '#혼밥', '#제로페이']",0,0,0,0,0
네이버후드,3.9,27,서울 서대문구 연세로7안길 41 1층 (우)03787,지번창천동 53-24,"['#데이트코스', '#세계맥주', '#수제맥주', '#피맥', '#제로페이']",0,0,0,0,0
노브랜드버거 신촌점,3.3,22,서울 서대문구 신촌로 73 케이스퀘어 1층 101호 (우)03789,지번창천동 72-14,['#혼밥'],0,0,0,0,0
홍초불닭 신촌본점,4.0,19,서울 서대문구 연세로7안길 28-3 1층 (우)03788,지번창천동 52-146,['#제로페이'],0,0,0,0,0
아마이,4.4,8,서울 서대문구 연세로 21 4층 (우)03789,지번창천동 31-39,"['#룸술집', '#분위기좋은', '#제로페이']",0,0,0,0,0
고래파스타,4.2,42,서울 서대문구 연세로7안길 10-3 2층 (우)03788,지번창천동 52-43,"['#데이트코스', '#분위기좋은', '#빈티지분위기', '#소개팅', '#제로페이']",0,0,0,0,0
스타벅스 신촌역점,3.4,15,서울 서대문구 신촌로 73 1층 (우)03789,지번창천동 72-12,['#카카오페이'],0,0,0,0,0
스타벅스 연세백양로점,4.3,14,서울 서대문구 연세로 50 지하1층 (우)03722,지번신촌동 134,['#카카오페이'],0,0,0,0,0
신룽푸마라탕 신촌점,2.4,34,서울 서대문구 연세로4길 1 지하 1층 (우)03777,지번창천동 18-10,['#혼밥'],0,0,0,0,0
버거킹 연세로점,2.0,25,서울 서대문구 연세로 25 (우)03788,지번창천동 33-38,['#혼밥'],0,0,0,0,0
내가찜한닭 신촌점,2.7,9,서울 서대문구 연세로 24 2층 (우)03776,지번창천동 31-36,['#안심식당'],0,0,0,0,0
비아메렝게,3.8,43,서울 서대문구 명물길 27-18 1층 (우)03776,지번창천동 45-9,"['#멕시코요리', '#제로페이']",0,0,0,0,0
맛있는식사,1.1,251,서울 서대문구 이화여대길 24 지하 1층 (우)03767,지번대현동 54-11,"['#안심식당', '#제로페이']",0,0,0,0,0
폼프리츠 서울신촌점,4.3,35,서울 서대문구 연세로11길 21 (우)03788,지번창천동 52-40,['#스몰비어'],0,0,0,0,0
버거리 신촌점,4.0,23,서울 서대문구 신촌로 87-8 금은동빌딩 1층 (우)03789,지번창천동 30-10,"['#혼밥', '#제로페이']",0,0,0,0,0
롯데리아 창천점,2.7,18,서울 서대문구 신촌로 15 1층 (우)03785,지번창천동 506-17,"['#혼밥', '#카카오페이', '#제로페이']",0,0,0,0,0
홍미닭발 신촌점,4.0,22,서울 서대문구 연세로7안길 30 (우)03788,지번창천동 52-93,['#제로페이'],0,0,0,0,0
원조감자탕,3.4,5,서울 서대문구 연세로5다길 8 (우)03789,지번창천동 62-63,"['#24시간식당', '#점심식사', '#해장하기좋은', '#혼밥', '#제로페이']",0,0,0,0,0
연경,2.6,16,서울 서대문구 연세로11길 25 (우)03788,지번창천동 52-157,['etc'],0,0,0,0,0
맨도롱식당,3.0,32,서울 서대문구 연세로5가길 8-3 1층 (우)03789,지번창천동 57-3,"['#전통음식', '#친목모임', '#혼밥', '#제로페이']",0,0,0,0,0
더클루 신촌프리미엄점,2.7,17,서울 서대문구 명물길 62 오시리스타워 지하2층 (우)03777,지번창천동 5-24,['#방탈출카페'],0,0,0,0,0
예티 신촌점,4.5,8,서울 서대문구 연세로12길 23 2층 (우)03776,지번창천동 2-2,"['#이국적인', '#제로페이']",0,0,0,0,0
국제통닭 신촌점,4.0,7,서울 서대문구 연세로7안길 7 2층 (우)03788,지번창천동 52-47,['#친목모임'],0,0,0,0,0
모미지식당,4.6,28,서울 서대문구 이화여대5길 15 2층 (우)03766,지번대현동 56-37,"['#혼밥', '#제로페이']",0,0,0,0,0
리틀쿠바,3.6,13,서울 서대문구 연세로 13 현대백화점 유플렉스 11층 (우)03789,지번창천동 30-1,['#데이트코스'],0,0,0,0,0
고기랑,4.2,15,서울 서대문구 연세로5다길 6 1층 (우)03789,지번창천동 62-5,"['#점심식사', '#점심특선', '#친목모임', '#회식장소', '#카카오페이', '#제로페이']",0,0,0,0,0
스타벅스 연대점,2.8,13,서울 서대문구 연세로 35 2~4층 (우)03788,지번창천동 33-9,['#카카오페이'],0,0,0,0,0
휴,2.7,9,서울 서대문구 명물길 6 5층 (우)03777,지번창천동 18-5,"['#데이트코스', '#룸카페', '#보드게임카페', '#이색카페', '#제로페이']",0,0,0,0,0
미도매운향솥,4.1,47,서울 서대문구 연세로11길 25 1층 (우)03788,지번창천동 52-157,"['#혼밥', '#제로페이']",0,0,0,0,0
라오샹하이,4.6,15,서울 서대문구 연세로12길 27 2층 (우)03776,지번창천동 2-7,['etc'],0,0,0,0,0
키친31,4.6,15,서울 서대문구 연세로4길 52 1층 (우)03777,지번창천동 5-86,"['#점심식사', '#제로페이']",0,0,0,0,0
카페페라 유니크점,3.4,27,서울 서대문구 이화여대길 52-45 2층~4층 (우)03765,지번대현동 33-8,"['#디저트카페', '#앤틱한', '#핸드드립전문점', '#제로페이']",0,0,0,0,0
교촌치킨 신촌점,2.2,32,서울 서대문구 명물길 21 (우)03776,지번창천동 41-14,['etc'],0,0,0,0,0
붕메리카노,3.7,28,서울 서대문구 이화여대1안길 25 1층 (우)03766,지번대현동 90-53,['#제로페이'],0,0,0,0,0
백암순대국,3.9,33,서울 서대문구 연세로11길 13 1층 (우)03788,지번창천동 52-25,"['#혼밥', '#제로페이']",0,0,0,0,0
육산,3.5,11,서울 서대문구 이화여대길 42 (우)03764,지번대현동 60-9,"['#안심식당', '#혼밥']",0,0,0,0,0
우드스탁,4.7,13,서울 서대문구 연세로7길 28-8 (우)03788,지번창천동 52-69,['#락카페'],0,0,0,0,0
자연담은화로 신촌점,3.9,7,서울 서대문구 연세로11길 29 (우)03788,지번창천동 52-152,"['#안심식당', '#제로페이']",0,0,0,0,0
구복,3.2,25,서울 서대문구 연세로4길 26 1층 (우)03777,지번창천동 13-49,['#제로페이'],0,0,0,0,0
오늘통닭 신촌직영점,2.9,14,"서울 서대문구 연세로11길 8 1,2,3층 (우)03788",지번창천동 52-7,"['#단체예약', '#데이트코스', '#앤틱한', '#친목모임', '#회식장소']",0,0,0,0,0
맛있는순두부&김치찜 신촌점,3.0,47,서울 서대문구 명물길 36 (우)03777,지번창천동 5-56,"['#안심식당', '#혼밥', '#제로페이']",0,0,0,0,0
이디야커피 신촌역점,2.5,26,서울 서대문구 신촌로 87-20 2층 (우)03789,지번창천동 30-20,"['#24시간카페', '#카카오페이', '#제로페이']",0,0,0,0,0
강릉아구꽃게찜,4.8,14,서울 서대문구 연세로2길 93 (우)03778,지번대현동 104-25,['#제로페이'],0,0,0,0,0
곱창이야기 신촌직영점,3.0,30,서울 서대문구 연세로7안길 2 1층 (우)03788,지번창천동 33-46,['#데이트코스'],0,0,0,0,0
후쿠스시,3.8,30,서울 서대문구 이화여대3길 10 (우)03766,지번대현동 56-27,"['#혼밥', '#제로페이']",0,0,0,0,0
청화원,3.1,53,서울 서대문구 명물길 10 1층 (우)03777,지번창천동 18-1,['#안심식당'],0,0,0,0,0
이화성,3.8,17,서울 서대문구 이화여대길 50-8 (우)03764,지번대현동 60-60,"['#안심식당', '#혼밥', '#제로페이']",0,0,0,0,0
나이스샤워 신촌점,3.7,26,서울 서대문구 연세로 35 2층 (우)03788,지번창천동 33-9,"['#혼밥', '#제로페이']",0,0,0,0,0
할리스 신촌점,3.0,28,서울 서대문구 연세로 34 1층 (우)03776,지번창천동 31-12,['#카카오페이'],0,0,0,0,0
북카페파오,4.6,16,서울 서대문구 이화여대길 34 신흥빌딩 3층 (우)03767,지번대현동 54-4,"['#북카페', '#스터디카페', '#제로페이']",0,0,0,0,0
써브웨이 이대점,4.4,49,서울 서대문구 이화여대7길 30 (우)03766,지번대현동 37-3,"['#카카오페이', '#제로페이']",0,0,0,0,0
오늘와인한잔,3.6,11,서울 서대문구 연세로5나길 8 (우)03789,지번창천동 57-65,['etc'],0,0,0,0,0
나무카페,1.7,15,서울 서대문구 명물길 2 (우)03777,지번창천동 18-8,['etc'],0,0,0,0,0
대작,3.8,12,서울 서대문구 연세로12길 18 (우)03776,지번창천동 47-12,"['#데이트코스', '#점심특선', '#혼밥', '#제로페이']",0,0,0,0,0
만냥하우스,4.8,13,서울 서대문구 성산로 402-1 (우)03727,지번창천동 97-58,['etc'],0,0,0,0,0
스타벅스 이대ECC점,3.7,7,서울 서대문구 이화여대길 52 이화여자대학교 B415호 (우)03760,지번대현동 11-1,['#카카오페이'],0,0,0,0,0
제임스시카고피자 신촌점,4.1,14,서울 서대문구 연세로11길 12 2층 (우)03788,지번창천동 52-149,"['#피맥', '#제로페이']",0,0,0,0,0
벨라프라하,4.7,25,서울 서대문구 이화여대길 77 (우)03766,지번대현동 37-35,"['#로스팅전문', '#앤틱한', '#이국적인', '#핸드드립전문점', '#제로페이']",0,0,0,0,0
누들김밥,4.4,7,서울 서대문구 이화여대8길 2 (우)03767,지번대현동 54-1,"['#안심식당', '#혼밥', '#제로페이']",0,0,0,0,0
두끼떡볶이 이대점,3.6,22,서울 서대문구 이화여대길 89 2층 (우)03766,지번대현동 27-7,"['#안심식당', '#혼밥', '#카카오페이', '#제로페이']",0,0,0,0,0
훈카츠,4.1,29,서울 서대문구 이화여대1길 42-14 (우)03766,지번대현동 90-25,"['#경양식요리', '#혼밥', '#제로페이']",0,0,0,0,0
바지락수제비칼국수항아리분식,2.8,20,서울 서대문구 신촌로 87-20 (우)03789,지번창천동 30-20,"['#노포', '#혼밥']",0,0,0,0,0
탐앤탐스 신촌로터리점,1.9,17,"서울 서대문구 신촌로 109 1,2층 (우)03779",지번창천동 29-95,['#카카오페이'],0,0,0,0,0
메가커피 신촌점,3.1,17,서울 서대문구 연세로5가길 8-6 (우)03789,지번창천동 31-40,['#제로페이'],0,0,0,0,0
다모토리5,1.7,9,서울 서대문구 연세로7길 30 지하1층 (우)03788,지번창천동 52-72,['#제로페이'],0,0,0,0,0
향꽃,3.2,6,서울 서대문구 연세로7안길 39 (우)03787,지번창천동 53-21,"['#민속주점', '#제로페이']",0,0,0,0,0
돈천동 식당,3.9,19,서울 서대문구 이화여대길 52-39 (우)03765,지번대현동 34-19,"['#안심식당', '#혼밥']",0,0,0,0,0
라장훠궈,4.6,22,서울 서대문구 연세로 37 지하 1층 (우)03788,지번창천동 33-4,"['#안심식당', '#제로페이']",0,0,0,0,0
아티제 신촌역점,4.8,13,"서울 서대문구 신촌로 99 엘리트빌딩 지하1층,1층 (우)03779",지번창천동 18-52,"['#데이트코스', '#베이커리카페', '#카카오페이']",0,0,0,0,0
매거진스탠딩,3.8,18,서울 서대문구 연세로7길 34-6 (우)03788,지번창천동 52-77,"['#안심식당', '#깔끔한', '#데이트코스', '#스탠딩바', '#혼술', '#회식장소', '#제로페이']",0,0,0,0,0
커피빈 연대동문회관점,3.7,12,서울 서대문구 성산로 515 B동 1~2층 (우)03721,지번대신동 50-5,"['#친목모임', '#카카오페이']",0,0,0,0,0
투썸플레이스 이대역점,1.7,16,서울 서대문구 이화여대길 7 2층 (우)03766,지번대현동 40-4,"['#스터디카페', '#카카오페이']",0,0,0,0,0
대성이네,2.8,5,서울 서대문구 연세로5나길 33 (우)03787,지번창천동 62-26,"['#데이트코스', '#제로페이']",0,0,0,0,0
깡통,2.3,3,서울 서대문구 연세로5나길 24 (우)03789,지번창천동 57-17,['#해물포차'],0,0,0,0,0
아키,3.5,11,서울 서대문구 성산로 531 (우)03721,지번대신동 85-9,"['#소개팅', '#점심식사', '#친목모임', '#제로페이']",0,0,0,0,0
반타이 쏘이54,4.5,26,서울 서대문구 이화여대3길 12 (우)03766,지번대현동 56-33,['#제로페이'],0,0,0,0,0
청년다방 신촌점,2.3,22,서울 서대문구 신촌로 139 1층 (우)03780,지번대현동 104-59,"['#카카오페이', '#제로페이']",0,0,0,0,0
투썸플레이스 동교동삼거리점,2.1,15,서울 서대문구 신촌로 1 쓰리알유시티빌딩 상가1층 (우)03785,지번창천동 510-2,['#카카오페이'],0,0,0,0,0
포포나무,5.0,12,서울 서대문구 이화여대2가길 24 1층 (우)03767,지번대현동 53-9,"['#안심식당', '#혼밥', '#제로페이']",0,0,0,0,0
영랜드,1.0,2,서울 서대문구 연세로 25-1 4층 (우)03788,지번창천동 33-36,"['#데이트코스', '#보드게임카페', '#제로페이']",0,0,0,0,0
장미맨숀 신촌점,4.4,17,서울 서대문구 연세로5가길 8-6 2층 (우)03789,지번창천동 31-47,"['#가맥', '#레트로풍', '#제로페이']",0,0,0,0,0
낙원스낵 신촌점,3.9,19,서울 서대문구 연세로5가길 17 1층 (우)03789,지번창천동 57-34,"['#데이트코스', '#수제맥주', '#피맥', '#제로페이']",0,0,0,0,0
파리바게뜨 카페신촌점,3.5,20,서울 서대문구 연세로4길 1 (우)03777,지번창천동 18-10,"['#카카오페이', '#제로페이']",0,0,0,0,0
유소바,3.9,18,서울 서대문구 이화여대2길 4 1층 (우)03767,지번대현동 45-33,"['#혼밥', '#제로페이']",0,0,0,0,0
로드샌드위치,3.9,24,서울 서대문구 연대동문길 45 1층 (우)03721,지번대신동 84-1,"['#배달', '#브런치카페', '#비건푸드', '#앤틱한', '#제로페이']",0,0,0,0,0
써브웨이 신촌로데오점,3.1,34,서울 서대문구 연세로 23 (우)03788,지번창천동 33-43,['#카카오페이'],0,0,0,0,0
장군닭갈비,3.2,17,서울 서대문구 연세로9길 7 2층 (우)03788,지번창천동 33-17,"['#데이트코스', '#점심식사']",0,0,0,0,0
이자카야류,2.3,7,서울 서대문구 연세로5가길 3 3~4층 (우)03789,지번창천동 57-7,"['#룸술집', '#분위기좋은', '#연어무한리필', '#제로페이']",0,0,0,0,0
마포만두 신촌직영점,3.4,14,서울 서대문구 신촌로 87-4 (우)03789,지번창천동 30-11,['#혼밥'],0,0,0,0,0
방탈출ESC,3.8,4,서울 서대문구 명물길 32 준성빌딩 7층 (우)03777,지번창천동 13-2,"['#데이트코스', '#방탈출카페', '#이색데이트', '#제로페이']",0,0,0,0,0
맘맘테이블,4.3,141,서울 서대문구 연세로4길 33 1층 (우)03777,지번창천동 13-13,['#혼밥'],0,0,0,0,0
투썸플레이스 신촌연세로점,4.0,9,서울 서대문구 연세로 28 (우)03776,지번창천동 31-27,['#카카오페이'],0,0,0,0,0
투썸플레이스 신촌기차역점,2.5,13,서울 서대문구 신촌역로 31 1층 (우)03777,지번대현동 110-1,['#카카오페이'],0,0,0,0,0
한신포차 신촌점,2.1,15,서울 서대문구 연세로7안길 10-4 지하 1층 (우)03788,지번창천동 33-18,['#제로페이'],0,0,0,0,0
나뚜루 신촌점,3.6,14,서울 서대문구 신촌로 87 (우)03789,지번창천동 30-14,"['#데이트코스', '#카카오페이']",0,0,0,0,0
고바우생고기전문,3.4,10,서울 서대문구 명물1길 22 (우)03776,지번창천동 31-17,"['#노포', '#카카오페이', '#제로페이']",0,0,0,0,0
여우사이,3.1,18,서울 서대문구 연세로5다길 5 2층 (우)03789,지번창천동 72-5,"['#데이트코스', '#분위기좋은', '#좌식카페', '#포토카페', '#제로페이']",0,0,0,0,0
놀숲 신촌점,2.3,15,서울 서대문구 명물길 37 지하1층 (우)03776,지번창천동 45-1,"['#데이트코스', '#만화카페', '#보드게임카페', '#북카페']",0,0,0,0,0
파스쿠찌 신촌연세대점,2.4,17,서울 서대문구 연세로 20 (우)03776,지번창천동 9-20,"['#카카오페이', '#제로페이']",0,0,0,0,0
미스터힐링 신촌점,5.0,4,서울 서대문구 신촌로 119 신영스카이텔 지하1층 (우)03780,지번창천동 20-51,"['#데이트코스', '#마사지카페', '#보드게임', '#이색카페', '#힐링카페', '#제로페이']",0,0,0,0,0
써브웨이 신촌점,2.3,36,서울 서대문구 신촌로 121 아남오피스텔 (우)03780,지번창천동 20-41,"['#카카오페이', '#제로페이']",0,0,0,0,0
스시미세기,3.9,14,서울 서대문구 성산로22길 4 (우)03727,지번창천동 91-6,"['#데이트코스', '#점심식사', '#혼밥', '#회전초밥', '#제로페이']",0,0,0,0,0
보울룸 신촌점,3.8,32,서울 서대문구 연세로 13 현대백화점 유플렉스 11층 (우)03789,지번창천동 30-1,"['#샐러드카페', '#혼밥']",0,0,0,0,0
쭈꾸미달인 신촌점,4.1,7,서울 서대문구 연세로11길 32 1층 (우)03788,지번창천동 52-16,"['#데이트코스', '#제로페이']",0,0,0,0,0
통큰갈비 신촌본점,4.5,83,서울 서대문구 연세로5다길 40 (우)03787,지번창천동 62-67,"['#안심식당', '#무한리필', '#빈티지분위기', '#회식장소', '#제로페이']",0,0,0,0,0
스타벅스 신촌아트레온점,3.1,16,"서울 서대문구 신촌로 129 1,2층 (우)03780",지번창천동 20-25,"['#로스팅전문', '#핸드드립전문점', '#카카오페이']",0,0,0,0,0
빽다방 신촌역점,2.6,16,서울 서대문구 연세로2길 6 1층 (우)03779,지번창천동 18-46,"['#카카오페이', '#제로페이']",0,0,0,0,0
옐로우스푼 신촌점,2.8,13,서울 서대문구 명물길 4 2층 (우)03777,지번창천동 18-62,"['#안심식당', '#혼밥']",0,0,0,0,0
커피크레페 본점,4.0,11,서울 서대문구 신촌로 87-8 1층 (우)03789,지번창천동 30-10,"['#누텔라', '#디저트카페', '#크레페디저트카페', '#크레페전문카페', '#크레페카페', '#데이트코스', '#카카오페이', '#제로페이']",0,0,0,0,0
진돈부리,None,30,서울 서대문구 신촌로 149 신촌자이엘라 B104호 (우)03780,지번대현동 104-36,['#제로페이'],0,0,0,0,0
카페헐리우드 연세대점,4.6,5,서울 서대문구 성산로 551 1층 (우)03721,지번대신동 111-14,"['#경양식요리', '#제로페이']",0,0,0,0,0
추억을굽는가게 신촌점,5.0,3,서울 서대문구 신촌로11길 7 1층 (우)03786,지번창천동 112-2,"['#수제전병', '#제로페이']",0,0,0,0,0
사케즈키,5.0,8,서울 서대문구 연세로7길 23 2층 (우)03789,지번창천동 57-30,"['#신촌맛집', '#신촌술집', '#신촌이자카야', '#신촌포차', '#신촌포차카야', '#카카오페이', '#제로페이']",0,0,0,0,0
63프로방스,3.8,21,서울 서대문구 이화여대5길 15 (우)03766,지번대현동 56-42,"['#혼밥', '#제로페이']",0,0,0,0,0
빠빠빠치킨 연대본점,4.4,29,서울 서대문구 연세로11길 19 (우)03788,지번창천동 52-35,['#제로페이'],0,0,0,0,0
고르드,2.6,75,서울 서대문구 명물길 42 1층 (우)03777,지번창천동 5-48,"['#데이트코스', '#디저트카페', '#베이커리카페', '#제로페이']",0,0,0,0,0
본죽&비빔밥cafe 신촌점,4.3,16,서울 서대문구 연세로 20 2층 (우)03776,지번창천동 9-20,"['#안심식당', '#죽전문점', '#제로페이']",0,0,0,0,0
세계과자할인점,2.8,4,서울 서대문구 연세로 1 (우)03789,지번창천동 30-8,"['#카카오페이', '#제로페이']",0,0,0,0,0
마미당1948,3.0,14,서울 서대문구 연세로7안길 34-3 (우)03787,지번창천동 53-96,"['#전통음식', '#점심식사', '#점심특선', '#혼밥', '#제로페이']",0,0,0,0,0
가문의우동,4.3,42,서울 서대문구 연세로9길 13 1층 (우)03788,지번창천동 52-83,"['#혼밥', '#제로페이']",0,0,0,0,0
카페카페,4.0,18,서울 서대문구 연세로12길 19 1층 (우)03776,지번창천동 2-14,"['#국민지원금', '#데이트코스', '#로스팅전문', '#제로페이']",0,0,0,0,0
공차 신촌연세로점,2.4,22,서울 서대문구 연세로 27 (우)03788,지번창천동 33-30,"['#카카오페이', '#제로페이']",0,0,0,0,0
카츠업,4.3,31,서울 서대문구 연세로5길 32 1층 (우)03789,지번창천동 62-4,"['#돈까스', '#돈까스맛집', '#신촌돈까스', '#카레', '#서울돈까스', '#경양식요리', '#혼밥', '#제로페이']",0,0,0,0,0
신촌 타오마라탕,4.9,45,서울 서대문구 연세로5나길 6 1층 (우)03789,지번창천동 57-9,['#혼밥'],0,0,0,0,0
에어플레인모드,4.5,20,"서울 서대문구 연세로4길 36 2, 3층 (우)03777",지번창천동 13-36,"['#루프탑있는', '#보드게임카페', '#비어카페', '#애견동반카페', '#야외테라스', '#칵테일바', '#혼술', '#제로페이']",0,0,0,0,0
1943 신촌점,1.7,7,서울 서대문구 연세로7길 25 3층 (우)03789,지번창천동 57-31,['etc'],0,0,0,0,0
이석덕생면파스타 신촌점,3.0,49,서울 서대문구 명물길 16 2층 (우)03777,지번창천동 13-28,"['#안심식당', '#가성비좋은', '#데이트코스', '#분위기좋은', '#혼밥']",0,0,0,0,0
김삼보김치찌개 신촌점,3.8,20,서울 서대문구 명물길 62 (우)03777,지번창천동 5-23,"['#점심식사', '#혼밥']",0,0,0,0,0
본죽 이대점,4.1,10,서울 서대문구 이화여대3길 16 성연빌딩 1층 (우)03766,지번대현동 56-49,['#제로페이'],0,0,0,0,0
육쌈냉면 신촌점,1.6,43,서울 서대문구 연세로 19 지하 1층 (우)03789,지번창천동 31-45,"['#안심식당', '#혼밥']",0,0,0,0,0
동해해물탕,3.0,5,서울 서대문구 연세로 9-5 (우)03789,지번창천동 30-24,['#노포'],0,0,0,0,0
BHC치킨 이대역점,3.0,16,서울 서대문구 이화여대2길 11 (우)03767,지번대현동 53-31,['#제로페이'],0,0,0,0,0
라화쿵부 이대2호점,1.0,1,서울 서대문구 이화여대7길 30 (우)03766,지번대현동 37-3,"['#혼밥', '#제로페이']",0,0,0,0,0
독립문설렁탕1897,2.8,33,서울 서대문구 명물1길 2 1층 (우)03776,지번창천동 31-26,"['#점심식사', '#혼밥']",0,0,0,0,0
뉴욕11번가 스트리트펍&치킨클럽,0.0,0,서울 서대문구 연세로11길 35 지하1층 (우)03787,지번창천동 53-79,"['#개별룸', '#뮤직펍', '#분위기좋은', '#새벽술집', '#이국적인', '#친목모임']",0,0,0,0,0
베러댄와플 이대점,4.3,28,서울 서대문구 이화여대7길 35 1층 (우)03766,지번대현동 37-9,"['#무인카페', '#카카오페이', '#제로페이']",0,0,0,0,0
빵사이에낀과일,4.4,30,서울 서대문구 이화여대길 57 (우)03766,지번대현동 56-125,"['#혼밥', '#제로페이']",0,0,0,0,0
신미불닭발 신촌점,4.7,7,서울 서대문구 명물길 50-8 1층 (우)03777,지번창천동 5-34,"['#방문포장', '#배달음식', '#제로페이']",0,0,0,0,0
신촌부추곱창,4.3,56,서울 서대문구 연세로7안길 50 (우)03787,지번창천동 53-85,"['#안심식당', '#가성비좋은', '#회식장소', '#제로페이']",0,0,0,0,0
영심이네 감자탕,3.5,8,서울 서대문구 연세로2길 25 (우)03779,지번창천동 29-20,['#제로페이'],0,0,0,0,0
할리스 신촌연세로점,2.9,17,서울 서대문구 연세로 5 1층 (우)03789,지번창천동 30-7,['#카카오페이'],0,0,0,0,0
채선당 신촌점,1.7,22,서울 서대문구 연세로 23 지하 1층 (우)03788,지번창천동 33-43,"['#안심식당', '#소개팅', '#점심식사', '#점심특선', '#제로페이']",0,0,0,0,0
탐정크루,3.0,8,서울 서대문구 연세로 35 지하 1층 (우)03788,지번창천동 33-9,"['#데이트코스', '#방탈출카페', '#제로페이']",0,0,0,0,0
한울타리,5.0,6,서울 서대문구 연세로5다길 14 (우)03789,지번창천동 62-59,"['#점심식사', '#친목모임', '#혼밥', '#회식장소', '#제로페이']",0,0,0,0,0
원즈오운,3.7,21,서울 서대문구 이화여대길 20 1층 (우)03767,지번대현동 54-13,"['#베이커리카페', '#브런치카페', '#샌드위치', '#이대맛집', '#이대카페']",0,0,0,0,0
논탄토 신촌점,3.4,18,서울 서대문구 신촌로 87-4 1층 (우)03789,지번창천동 30-11,['etc'],0,0,0,0,0
다발,3.9,14,서울 서대문구 연세로11길 8 지하 (우)03788,지번창천동 52-5,['etc'],0,0,0,0,0
동강참치,3.7,3,서울 서대문구 연세로2길 83 (우)03778,지번대현동 104-39,"['#가족모임', '#데이트코스', '#점심식사', '#친목모임', '#회식장소', '#제로페이']",0,0,0,0,0
BHC치킨 신촌점,2.5,21,서울 서대문구 연세로4길 34 (우)03777,지번창천동 13-37,['#제로페이'],0,0,0,0,0
족발의품격 신촌점,4.0,4,서울 서대문구 신촌로 61-1 (우)03787,지번창천동 72-27,"['#점심식사', '#혼밥', '#카카오페이', '#제로페이']",0,0,0,0,0
로프트,4.0,8,서울 서대문구 연대동문길 18 공간9빌딩 6층 (우)03721,지번대신동 50-3,"['#데이트코스', '#코스요리', '#제로페이']",0,0,0,0,0
해신포차,4.0,4,서울 서대문구 연세로9길 28 (우)03788,지번창천동 52-39,['#제로페이'],0,0,0,0,0
돈우마미,3.1,17,서울 서대문구 연세로5길 38 1층 (우)03789,지번창천동 72-1,"['#혼밥', '#제로페이']",0,0,0,0,0
우리집식당,4.3,6,서울 서대문구 이화여대길 72-6 (우)03765,지번대현동 34-25,"['#혼밥', '#제로페이']",0,0,0,0,0
한끼마끼,4.1,25,서울 서대문구 이화여대1길 15 1층 (우)03766,지번대현동 40-34,"['#혼밥', '#제로페이']",0,0,0,0,0
온달집 신촌점,3.6,7,서울 서대문구 연세로9길 10-1 1층 (우)03788,지번창천동 52-22,['etc'],0,0,0,0,0
꽁술,5.0,4,서울 서대문구 연세로11길 27 지하1층 (우)03788,지번창천동 52-151,"['#세계맥주', '#친목모임', '#제로페이']",0,0,0,0,0
홍콩반점0410 신촌2호점,1.5,26,서울 서대문구 명물길 19 경오빌딩 2층 (우)03776,지번창천동 31-92,"['#카카오페이', '#제로페이']",0,0,0,0,0
초당쌈밥 신촌본점,3.1,18,서울 서대문구 연세로12길 37-4 (우)03776,지번창천동 2-77,"['#안심식당', '#제로페이']",0,0,0,0,0
전골떡볶이 덕미가 이대본점,4.2,19,서울 서대문구 이화여대길 26 이화빌딩 지하1층 (우)03767,지번대현동 54-9,"['#안심식당', '#비건푸드', '#혼술', '#카카오페이', '#제로페이']",0,0,0,0,0
탐복,4.5,11,서울 서대문구 신촌로 83 현대백화점신촌점 10층 (우)03789,지번창천동 30-33,"['#가족모임', '#회식장소']",0,0,0,0,0
카페문,3.5,4,서울 서대문구 이화여대2가길 10 (우)03767,지번대현동 53-29,['#제로페이'],0,0,0,0,0
연어상회 신촌본점,2.6,37,서울 서대문구 연세로12길 20 1층 (우)03776,지번창천동 46-12,"['#안심식당', '#연어무한리필', '#제로페이']",0,0,0,0,0
캐치카페 신촌,4.0,6,서울 서대문구 연세로 8-1 버티고타워 5층 (우)03779,지번창천동 18-29,['#스터디카페'],0,0,0,0,0
맘스터치 신촌점,1.5,64,서울 서대문구 명물길 16 (우)03777,지번창천동 13-28,"['#카카오페이', '#제로페이']",0,0,0,0,0
주간,4.2,10,서울 서대문구 연세로7안길 31 1층 (우)03788,지번창천동 52-76,['#카카오페이'],0,0,0,0,0
소녀방앗간 이화여대점(휴업중),None,10,서울 서대문구 이화여대길 52-39 1층 (우)03765,지번대현동 34-19,"['#안심식당', '#건강식', '#혼밥', '#제로페이']",0,0,0,0,0
롯데리아 이대점,4.3,7,서울 서대문구 이화여대길 59 1층 (우)03766,지번대현동 56-2,"['#혼밥', '#카카오페이', '#제로페이']",0,0,0,0,0
양푼이국수 본점,4.6,10,서울 서대문구 연세로9길 13 지하 (우)03788,지번창천동 52-83,"['#가성비좋은', '#점심식사', '#혼밥', '#회식장소']",0,0,0,0,0
히어로보드게임카페 신촌점,4.5,10,서울 서대문구 명물길 23 큐비드빌딩 3층 (우)03776,지번창천동 31-80,"['#다트', '#데이트코스', '#룸카페', '#보드게임카페', '#실내데이트', '#제로페이']",0,0,0,0,0
화명당마라탕,3.4,16,서울 서대문구 이화여대길 78 2층 (우)03765,지번대현동 34-35,"['#혼밥', '#제로페이']",0,0,0,0,0
자담치킨 서울신촌본점,3.9,13,서울 서대문구 연세로7길 14 (우)03788,지번창천동 52-51,"['#카카오페이', '#제로페이']",0,0,0,0,0
행복은간장밥 신촌점,3.9,14,서울 서대문구 연세로12길 32 1층 (우)03776,지번창천동 2-22,"['#점심식사', '#혼밥', '#제로페이']",0,0,0,0,0
루프탑캠핑,5.0,7,서울 서대문구 신촌역로 22-5 3층 62호 (우)03766,지번대현동 60-11,"['#수제맥주', '#책맥', '#캠핑느낌나는', '#피맥', '#제로페이']",0,0,0,0,0
뚜레쥬르 카페신촌점,1.7,33,"서울 서대문구 신촌로 109 르메이르타운 103-2,3 (우)03779",지번창천동 29-95,"['#카카오페이', '#제로페이']",0,0,0,0,0
꼼보포차 신촌2호점,4.7,7,서울 서대문구 연세로7안길 17 1층 (우)03788,지번창천동 52-56,['#분위기좋은'],0,0,0,0,0
육쌈냉면 이대점,3.6,10,서울 서대문구 이화여대길 76 (우)03765,지번대현동 34-34,['#제로페이'],0,0,0,0,0
동대문엽기떡볶이 신촌점,2.0,28,서울 서대문구 연세로12길 28 2층 (우)03776,지번창천동 2-19,['#제로페이'],0,0,0,0,0
씽킹인사이드더박스,4.4,14,서울 서대문구 연세로12길 20 지하 1층 (우)03776,지번창천동 46-12,"['#데이트코스', '#분위기좋은', '#소개팅', '#칵테일바', '#혼밥']",0,0,0,0,0
캘리인더볼,4.1,39,서울 서대문구 연희로 32-1 1층 (우)03784,지번창천동 445,"['#안심식당', '#데이트코스', '#제로페이']",0,0,0,0,0
파가니니,4.9,11,서울 서대문구 이화여대길 63 (우)03766,지번대현동 56-51,"['#칵테일바', '#제로페이']",0,0,0,0,0
양푼이주막,4.0,2,서울 서대문구 연세로9길 28 (우)03788,지번창천동 52-39,['#제로페이'],0,0,0,0,0
송학,3.2,10,서울 서대문구 연세로9길 20 (우)03788,지번창천동 52-31,"['#민속주점', '#친목모임', '#제로페이']",0,0,0,0,0
서른즈음에,3.4,31,서울 서대문구 연세로7안길 35 2층 (우)03787,지번창천동 53-19,"['#혼술', '#제로페이']",0,0,0,0,0
쟁반집8292 신촌점,4.7,9,서울 서대문구 연세로4길 27 (우)03777,지번창천동 13-21,"['#안심식당', '#분위기좋은']",0,0,0,0,0
몰리스,3.7,27,서울 서대문구 연세로5다길 22-7 2층 (우)03787,지번창천동 62-21,"['#디저트카페', '#수제케이크', '#제로페이']",0,0,0,0,0
옥루몽 신촌본점,3.9,24,서울 서대문구 연대동문길 18 LOFT 1층 (우)03721,지번대신동 50-3,['#제로페이'],0,0,0,0,0
카페티아라,4.8,13,서울 서대문구 성산로 553 동문빌딩 2층 (우)03721,지번대신동 111-12,"['#보드게임카페', '#혼밥', '#제로페이']",0,0,0,0,0
정정아식당 신촌직영점,4.4,13,서울 서대문구 연세로5가길 32 2층 (우)03789,지번창천동 57-6,"['#점심식사', '#점심특선', '#회식장소', '#제로페이']",0,0,0,0,0
용용선생 신촌점,4.0,7,서울 서대문구 연세로7길 20 (우)03788,지번창천동 52-61,['etc'],0,0,0,0,0
하우스라운지,3.9,13,서울 서대문구 연세로7길 32 1층 (우)03788,지번창천동 52-79,"['#다트', '#데이트코스', '#분위기좋은', '#수제맥주', '#칵테일바', '#혼술', '#제로페이']",0,0,0,0,0
일백집서울포차 신촌점,1.0,1,서울 서대문구 연세로7길 13 (우)03789,지번창천동 57-45,['#제로페이'],0,0,0,0,0
동학물갈비,4.4,11,서울 서대문구 연세로12길 37-3 1층 (우)03776,지번창천동 2-37,"['#건강식', '#레트로풍', '#민속주점']",0,0,0,0,0
이코노스시 본점,3.2,9,서울 서대문구 신촌역로 14 (우)03766,지번대현동 101-5,"['#점심식사', '#혼밥', '#회전초밥', '#제로페이']",0,0,0,0,0
바코드,5.0,17,서울 서대문구 연세로9길 26 지하1층 (우)03788,지번창천동 52-38,"['#분위기좋은', '#칵테일바', '#혼술', '#제로페이']",0,0,0,0,0
아비꼬 신촌점,2.4,17,서울 서대문구 명물길 58-8 1층 (우)03777,지번창천동 5-31,"['#카카오페이', '#제로페이']",0,0,0,0,0
한옥숯불돼지갈비,3.1,9,서울 서대문구 명물1길 18 (우)03776,지번창천동 31-19,['#노포'],0,0,0,0,0
싸움의고수 신촌점,2.4,56,서울 서대문구 명물길 20 1층 (우)03777,지번창천동 13-27,"['#혼밥', '#제로페이']",0,0,0,0,0
프레퍼스,4.0,24,서울 서대문구 명물길 4 1층 (우)03777,지번창천동 18-62,['#혼밥'],0,0,0,0,0
1970새마을포차 신촌점,3.0,2,서울 서대문구 연세로5가길 8-3 2층 (우)03789,지번창천동 57-3,['#제로페이'],0,0,0,0,0
카페프루티,5.0,5,서울 서대문구 연세로12길 22 2층 (우)03776,지번창천동 46-2,"['#공부하기좋은', '#데이트코스', '#스터디룸', '#제로페이']",0,0,0,0,0
언플러그드 신촌점,4.7,7,서울 서대문구 연세로 13 현대백화점 유플렉스 11층 (우)03789,지번창천동 30-1,"['#감성카페', '#데이트코스', '#라이브공연', '#분위기좋은']",0,0,0,0,0
이자카야류 1호점,1.8,4,서울 서대문구 연세로11길 35 (우)03787,지번창천동 53-80,['etc'],0,0,0,0,0
고향,3.7,12,서울 서대문구 연세로7안길 52 (우)03787,지번창천동 53-83,['#제로페이'],0,0,0,0,0
유원섬커피,3.5,24,서울 서대문구 연세로 42-24 2층 (우)03776,지번창천동 2-44,"['#감성카페', '#제로페이']",0,0,0,0,0
젊음의행진,3.2,5,서울 서대문구 연세로9길 29 (우)03788,지번창천동 52-144,"['#레트로풍', '#빈티지분위기', '#카카오페이', '#제로페이']",0,0,0,0,0
빌리지브루어리,4.3,13,서울 서대문구 연세로11길 34 (우)03788,지번창천동 52-110,"['#데이트코스', '#소개팅', '#수제맥주', '#회식장소', '#제로페이']",0,0,0,0,0
야채를담다,5.0,23,서울 서대문구 신촌역로 22-5 신촌박스퀘어 2층 51호 (우)03766,지번대현동 60-11,"['#건강식', '#비건푸드', '#혼밥', '#제로페이']",0,0,0,0,0
이삭토스트 서울신촌점,4.5,15,서울 서대문구 연세로5길 32 1층 (우)03789,지번창천동 62-4,"['#혼밥', '#카카오페이', '#제로페이']",0,0,0,0,0
배스킨라빈스 이대역점,2.6,5,서울 서대문구 신촌로 173-1 1층 (우)03766,지번대현동 40-21,"['#카카오페이', '#제로페이']",0,0,0,0,0
어머니가구워주신 생선구이,3.9,16,서울 서대문구 명물길 42 지하1층 (우)03777,지번창천동 5-48,"['#혼밥', '#제로페이']",0,0,0,0,0
꼼생꼼사산꼼장어 신촌점,4.8,5,서울 서대문구 신촌로 55 (우)03786,지번창천동 112-8,['#제로페이'],0,0,0,0,0
마이턴 보드게임카페,4.6,25,서울 서대문구 연세로5가길 8-6 3층 (우)03789,지번창천동 31-47,"['#다트', '#보드게임카페', '#친목모임', '#회식장소', '#제로페이']",0,0,0,0,0
신촌이스케이프,4.8,8,서울 서대문구 연세로5가길 16 (우)03789,지번창천동 57-52,"['#다트', '#데이트코스', '#라운지펍', '#분위기좋은', '#친목모임', '#칵테일바', '#혼술', '#회식장소', '#제로페이']",0,0,0,0,0
에로스 사주카페,3.2,12,서울 서대문구 이화여대길 37 3층 (우)03766,지번대현동 56-77,['#사주카페'],0,0,0,0,0
기찻길연탄불생고기,5.0,1,서울 서대문구 연세로2가길 20 (우)03779,지번창천동 29-44,['etc'],0,0,0,0,0
별당김치찜,3.7,33,서울 서대문구 명물1길 2 (우)03776,지번창천동 31-26,['#혼밥'],0,0,0,0,0
다다,3.9,9,서울 서대문구 이화여대3길 10 1층 (우)03766,지번대현동 56-27,"['#회식장소', '#제로페이']",0,0,0,0,0
파스텔드나따 이대점,3.3,3,서울 서대문구 이화여대8길 2 (우)03767,지번대현동 54-1,['#제로페이'],0,0,0,0,0
탈리,4.0,6,"서울 서대문구 연세로5나길 30-6 1,2층 (우)03789",지번창천동 57-41,"['#빈티지분위기', '#이국적인', '#재즈카페']",0,0,0,0,0
웨어아위,4.9,11,서울 서대문구 연세로11길 24 2층 (우)03788,지번창천동 52-11,"['#데이트코스', '#세계맥주', '#혼술']",0,0,0,0,0
돈노코돈먹기 이대점,4.9,10,서울 서대문구 신촌역로 43 (우)03777,지번창천동 4-77,['#제로페이'],0,0,0,0,0
사주카페큐,1.0,2,서울 서대문구 이화여대7길 20-5 2층 (우)03766,지번대현동 37-74,"['#데이트코스', '#사주카페', '#제로페이']",0,0,0,0,0
새마을식당 신촌점,2.3,20,서울 서대문구 연세로2길 6 1층 (우)03779,지번창천동 18-46,['#제로페이'],0,0,0,0,0
크리스터치킨 신촌점,3.7,25,서울 서대문구 연세로11길 30 (우)03788,지번창천동 52-14,['#제로페이'],0,0,0,0,0
파리바게뜨 신촌2호점,3.5,17,서울 서대문구 신촌로 117 1층 1호 (우)03780,지번창천동 20-44,"['#카카오페이', '#제로페이']",0,0,0,0,0
대명꼬기,4.4,19,서울 서대문구 명물길 27-15 (우)03776,지번창천동 46-6,['#제로페이'],0,0,0,0,0
강남불백,3.5,15,서울 서대문구 연세로4길 6 (우)03779,지번창천동 18-11,"['#가성비좋은', '#혼밥', '#카카오페이']",0,0,0,0,0
다미칼국수,3.5,11,서울 서대문구 성산로 537 (우)03721,지번대신동 90-7,['#제로페이'],0,0,0,0,0
바나프레소 신촌점,3.8,5,서울 서대문구 명물길 14 1~5층 (우)03777,지번창천동 13-29,['#데이트코스'],0,0,0,0,0
틈새라면 신촌점,4.5,18,서울 서대문구 연세로4길 6 1층 (우)03779,지번창천동 18-11,['#혼밥'],0,0,0,0,0
컴포즈커피 신촌연세대점,4.9,9,서울 서대문구 연세로 29-1 1층 (우)03788,지번창천동 33-19,['#제로페이'],0,0,0,0,0
꼬뜨,3.8,4,서울 서대문구 성산로 543 (우)03721,지번대신동 90-1,"['#점심식사', '#제로페이']",0,0,0,0,0
키친스별,1.7,58,서울 서대문구 명물길 16 2층 (우)03777,지번창천동 13-28,"['#데이트코스', '#분위기좋은', '#이태리가정식', '#혼밥']",0,0,0,0,0
단골손님 신촌점,4.0,7,서울 서대문구 연세로7길 20 2층 (우)03788,지번창천동 52-61,['etc'],0,0,0,0,0
장군닭갈비&찜닭,3.3,7,서울 서대문구 이화여대길 45 1층 (우)03766,지번대현동 56-125,"['#세계맥주', '#제로페이']",0,0,0,0,0
이디야커피 신촌기차역점,4.7,11,서울 서대문구 신촌역로 35 (우)03777,지번창천동 4-1,"['#카카오페이', '#제로페이']",0,0,0,0,0
피슈마라홍탕 신촌점,3.5,27,서울 서대문구 신촌로 73 2층 (우)03789,지번창천동 72-14,"['#혼밥', '#제로페이']",0,0,0,0,0
도둑고기 신촌점,3.2,6,서울 서대문구 연세로7길 20 (우)03788,지번창천동 52-61,"['#안심식당', '#제로페이']",0,0,0,0,0
봉추찜닭 신촌점,4.3,19,서울 서대문구 명물길 27-23 (우)03776,지번창천동 2-32,"['#안심식당', '#제로페이']",0,0,0,0,0
파리크라상 연세세브란스점,2.4,9,서울 서대문구 연세로 50-1 지하1층 (우)03722,지번신촌동 134,"['#카카오페이', '#제로페이']",0,0,0,0,0
바나프레소 이대점,5.0,6,서울 서대문구 이화여대길 33 1층 (우)03766,지번대현동 56-74,['etc'],0,0,0,0,0
친구친구,3.7,3,서울 서대문구 연세로7안길 22 지하 (우)03788,지번창천동 52-134,['etc'],0,0,0,0,0
마이시크릿메이트,3.0,13,서울 서대문구 연세로4길 47 1층 (우)03777,지번창천동 5-62,"['#데이트코스', '#디저트카페', '#핸드드립전문점', '#제로페이']",0,0,0,0,0
통통돼지,3.9,13,서울 서대문구 연세로4길 19 (우)03777,지번창천동 13-33,['#제로페이'],0,0,0,0,0
다모토리3,3.0,1,서울 서대문구 연세로7길 28-8 (우)03788,지번창천동 52-69,['#제로페이'],0,0,0,0,0
달려라팬 신촌점,3.8,11,서울 서대문구 명물길 50-6 1층 (우)03777,지번창천동 5-41,"['#데이트코스', '#혼밥']",0,0,0,0,0
이춘봉인생치킨 서울신촌점,3.3,3,서울 서대문구 연세로5가길 8-6 1층 (우)03789,지번창천동 31-43,"['#회식장소', '#카카오페이', '#제로페이']",0,0,0,0,0
할리스 이대점,3.3,31,서울 서대문구 이화여대길 59 엘큐브 3층 (우)03766,지번대현동 56-2,"['#카카오페이', '#제로페이']",0,0,0,0,0
낮과밤,4.9,10,서울 서대문구 이화여대길 52-35 (우)03765,지번대현동 34-21,"['#세계맥주', '#술한잔하기좋은', '#피맥', '#피자펍', '#제로페이']",0,0,0,0,0
최부자원조강릉집 신촌점,0.0,0,"서울 서대문구 연세로5다길 16 1층, 2층 (우)03789",지번창천동 62-66,"['#점심식사', '#점심특선', '#친목모임', '#회식장소']",0,0,0,0,0
리춘시장 신촌점,2.7,3,서울 서대문구 연세로9길 10-4 1층 (우)03788,지번창천동 33-13,"['#중화포차', '#친목모임', '#카카오페이', '#제로페이']",0,0,0,0,0
카페봄봄 이화여대점,4.5,4,서울 서대문구 이화여대길 7 1층 (우)03766,지번대현동 40-9,"['#카카오페이', '#제로페이']",0,0,0,0,0
더파니니,4.6,12,서울 서대문구 이화여대길 50-10 (우)03764,지번대현동 60-5,"['#샐러드맛집', '#신촌맛집', '#신촌브런치', '#이대맛집', '#이대혼밥', '#혼밥', '#제로페이']",0,0,0,0,0
맥소이 신촌점,4.6,8,서울 서대문구 연세로5가길 19 2층 (우)03789,지번창천동 57-39,"['#데이트코스', '#분위기좋은', '#수제맥주', '#피맥']",0,0,0,0,0
송아저씨빈대떡,3.5,4,서울 서대문구 연세로7안길 29 (우)03788,지번창천동 52-75,['#제로페이'],0,0,0,0,0
뽀들렌케이크 (휴업중),4.5,11,서울 서대문구 이화여대2길 26 (우)03767,지번대현동 67-81,"['#레터링케이크', '#케이크주문제작']",0,0,0,0,0
그레이프라운지 이대점,4.9,8,서울 서대문구 이화여대길 59 2층 (우)03766,지번대현동 56-132,"['#보드게임카페', '#스터디카페', '#회식장소', '#제로페이']",0,0,0,0,0
암흑카페,3.0,2,서울 서대문구 연세로5길 26 준빌딩 8층 (우)03789,지번창천동 62-1,"['#데이트코스', '#보드게임카페', '#사회적기업', '#소개팅', '#이색카페', '#제로페이']",0,0,0,0,0
젊은소나무,4.7,6,서울 서대문구 연세로4길 28 1층 (우)03777,지번창천동 13-44,['#제로페이'],0,0,0,0,0
에버라인 뮤직&카페,0.0,0,서울 서대문구 신촌역로 29 (우)03777,지번대현동 110-2,['etc'],0,0,0,0,0
BBQ 이대점,1.5,44,서울 서대문구 이화여대5길 35 1층 115호 (우)03766,지번대현동 37-32,['#제로페이'],0,0,0,0,0
대박황소곱창,4.6,10,서울 서대문구 연세로7길 38 1층 (우)03787,지번창천동 53-15,['#제로페이'],0,0,0,0,0
던킨도너츠 연세안과병원점,5.0,3,서울 서대문구 연세로 50-1 (우)03722,지번신촌동 134,"['#카카오페이', '#제로페이']",0,0,0,0,0